brand;model;categorized_model
Hyundai;Palisade SEL;SUV
Lexus;RX 350 RX 350;Luxury SUV
INFINITI;Q50 Hybrid Sport;Luxury SUV
Audi;Q3 45 S line Premium Plus;Luxury SUV
Acura;ILX 2.4L;Luxury SUV
Audi;S3 2.0T Premium Plus;Luxury Sedan
BMW;740 iL;Luxury Sedan
Lexus;RC 350 F Sport;Sports Car
Tesla;Model X Long Range Plus;Electric
Land;Rover Range Rover Sport 3.0 Supercharged HST;Luxury SUV
Aston;Martin DBS Superleggera;Sports Car
Toyota;Supra 3.0 Premium;Compact/Midsize
Lincoln;Aviator Reserve AWD;Luxury SUV
Jaguar;F-TYPE;Sports Car
Land;Rover LR4 HSE;Luxury SUV
Mercedes-Benz;Metris Base;Van
Dodge;Challenger SXT;Sports Car
Nissan;350Z Enthusiast;Sports Car
Jaguar;F-TYPE R;Sports Car
Genesis;GV70 3.5T Sport;Luxury SUV
Chevrolet;S-10 LS;Luxury Sedan
BMW;440 Gran Coupe 440i xDrive;Luxury Sedan
Ford;F-150 XLT;Truck
Chevrolet;Suburban RST;SUV
Hyundai;Elantra N Base;Compact/Midsize
Nissan;Sentra SR;Compact/Midsize
Mercedes-Benz;AMG CLA 45 Base 4MATIC;Luxury Sedan
BMW;650 Gran Coupe i xDrive;Luxury Sedan
Audi;Q5 2.0T Premium Plus;Luxury SUV
Mercedes-Benz;AMG C 43 Base 4MATIC;Luxury Sedan
Dodge;Ram 1500 Laramie Mega Cab;Truck
Kia;Sorento SX;SUV
Lexus;LX 570 Base;Luxury SUV
Jeep;New Compass Trailhawk;SUV
BMW;340 i;Luxury Sedan
Audi;A4 2.0T Premium Plus quattro;Luxury Sedan
Hyundai;Tucson SE;SUV
BMW;Z4 sDrive28i;Sports Car
Bentley;Continental GTC Base;Luxury Sedan
Honda;Passport Elite;SUV
Dodge;Sprinter 2500;Van
BMW;M850 i xDrive;Sports Car
Lucid;Air Grand Touring;Electric
Chevrolet;Silverado 1500 Custom Trail Boss;Truck
Porsche;Cayenne Platinum Edition;Luxury SUV
Mercedes-Benz;AMG C 63 S;Luxury Sedan
Honda;CR-V EX-L;SUV
Porsche;911 Carrera S;Sports Car
Mercedes-Benz;CLA-Class CLA 250;Luxury Sedan
Nissan;Rogue SV;SUV
Ford;Mustang GT Premium;Sports Car
Volvo;XC90 Hybrid T8 R-Design;Luxury SUV
Audi;R8 5.2 V10;Sports Car
Mercedes-Benz;GLK-Class GLK 350;Luxury Sedan
Lexus;IS 350 Base;Luxury Sedan
BMW;X4 M40i;Luxury SUV
BMW;M4 CS;Sports Car
Cadillac;CT5 Premium Luxury;Luxury Sedan
Bentley;Continental GT W12;Luxury Sedan
BMW;M4 Base;Sports Car
Toyota;GR Corolla Circuit Edition;Compact/Midsize
Audi;RS 5 2.9T;Luxury Sedan
Porsche;Cayenne Base;Luxury SUV
Lamborghini;Huracan Tecnica Coupe;Sports Car
Maserati;Quattroporte S;Luxury Sedan
Lexus;ES 330 Base;Luxury Sedan
Land;Rover Discovery Sport SE R-Dynamic;Luxury SUV
Porsche;Cayman GTS;Sports Car
Genesis;G90 3.3T Premium;Luxury Sedan
Volkswagen;Golf R 20th Anniversary Edition;Compact/Midsize
Hyundai;Sonata Hybrid Limited;Hybrid
Audi;RS 7 4.0T Prestige;Luxury Sedan
BMW;740 Li;Luxury Sedan
Mercedes-Benz;GLS 450 Base 4MATIC;Luxury SUV
BMW;M6 Base;Sports Car
Subaru;Forester 2.5 X;SUV
Kia;Niro Plug-In Hybrid EX Premium;SUV
Rivian;R1S Adventure Package;Electric
Mercedes-Benz;SLC 300 Base;Luxury Sedan
BMW;435 Gran Coupe i;Luxury Sedan
Jeep;Grand Cherokee Summit;SUV
Lexus;RC 350 Base;Sports Car
BMW;525 i;Luxury Sedan
Toyota;Corolla LE;Compact/Midsize
Cadillac;CT5-V Blackwing;Luxury Sedan
Lexus;LC 500 Base;Sports Car
Lexus;ES 300h Base;Luxury Sedan
Cadillac;CT5-V V-Series;Luxury Sedan
BMW;540 i xDrive;Luxury Sedan
Jeep;Gladiator Rubicon;Luxury SUV
Land;Rover LR4 HSE LUX Landmark Edition;Luxury SUV
Cadillac;XT4 Sport;Luxury SUV
BMW;750 750i xDrive;Luxury Sedan
Mercedes-Benz;AMG GL AMG GL 63 4MATIC;Luxury SUV
RAM;ProMaster 3500 High Roof;Sports Car
Nissan;GT-R Premium;Sports Car
Land;Rover Range Rover Sport 3.0L Supercharged HSE;Luxury SUV
Mercedes-Benz;C-Class C300 4MATIC;Luxury Sedan
Porsche;Cayenne E-Hybrid S;Luxury SUV
INFINITI;Q70h Base;Luxury SUV
Audi;Q7 3.0T Premium Plus;Luxury SUV
Lucid;Air Pure;Electric
Chrysler;Pacifica Touring;Minivan
Audi;TTS 2.0T Premium Plus;Luxury Sedan
Subaru;Forester Premium;SUV
Mercedes-Benz;AMG C AMG C 63;Luxury Sedan
Land;Rover LR3 HSE;Luxury SUV
BMW;X7 xDrive40i;Luxury SUV
Ford;Transit Connect XLT;Van
Lexus;LX 570 Three-Row;Luxury SUV
Dodge;Ram 2500 Laramie Quad Cab;Truck
Nissan;Armada SL;SUV
Porsche;Cayman Base;Sports Car
Mercedes-Benz;GLE 450 GLE 450;Luxury SUV
BMW;M5 Base;Sports Car
Hyundai;Kona N Base;SUV
Land;Rover Range Rover Evoque Pure;Luxury SUV
Audi;S7 4.0T Premium Plus;Luxury Sedan
Tesla;Model 3 Performance;Electric
Toyota;4Runner SR5;SUV
Subaru;Forester Base;SUV
Porsche;Panamera 2;Luxury Sedan
Toyota;Tacoma PreRunner;Truck
Kia;Sportage Nightfall;SUV
Cadillac;DTS Base;Luxury Sedan
Toyota;Land Cruiser Base;SUV
Lexus;NX 350 F SPORT Handling;Luxury SUV
Audi;Q7 45 Premium Plus;Luxury SUV
Lexus;LX 470 Base;Luxury SUV
GMC;Terrain SLE;SUV
Ford;Escape Limited;SUV
Lexus;LS 460 L;Luxury Sedan
Ford;Expedition Platinum;SUV
Audi;RS 7 4.0T quattro;Luxury Sedan
Genesis;G70 2.0T;Luxury Sedan
Chevrolet;Trailblazer LS;SUV
Lincoln;MKZ Hybrid Base;Hybrid
Ford;Transit-350 XL;Van
Porsche;911 GT2 RS;Sports Car
Ford;Explorer Timberline;SUV
Volvo;XC90 3.2;Luxury SUV
Audi;TT RS 2.5T;Luxury Sedan
Lincoln;Navigator L;Luxury SUV
Hyundai;Elantra GLS;Luxury SUV
Audi;SQ5 3.0T Premium Plus;Luxury SUV
Tesla;Model Y Performance;Electric
Mercedes-Benz;Maybach S S 600;Luxury Sedan
Mercedes-Benz;GLS 550 Base 4MATIC;Luxury Sedan
Chevrolet;Blazer Premier;SUV
Mazda;CX-9 Grand Touring;SUV
Ford;Expedition Max Limited;SUV
Nissan;Titan XD SV;Truck
Chevrolet;Traverse Premier;SUV
Mercedes-Benz;Sprinter High Roof;Van
BMW;X5 3.0i;Luxury SUV
Ford;Fusion SE;Compact/Midsize
Genesis;G90 5.0 Ultimate;Luxury Sedan
Ford;Shelby GT500 Base;Sports Car
Audi;RS Q8 4.0T quattro;Luxury Sedan
Toyota;Land Cruiser;SUV
Mercedes-Benz;SL-Class SL 550;Luxury Sedan
Porsche;911 Carrera C2S;Sports Car
Mercedes-Benz;AMG GLA 45 Base 4MATIC;Luxury SUV
Ford;Taurus X Limited;Luxury SUV
BMW;440 Gran Coupe i;Luxury Sedan
Acura;Integra w/A-Spec Tech Package;Compact/Midsize
Mercedes-Benz;SL-Class SL500 Roadster;Luxury Sedan
Mercedes-Benz;CLS-Class CLS 550;Luxury Sedan
Volkswagen;Golf GTI 2.0T S 4-Door;Compact/Midsize
Dodge;Challenger R/T Scat Pack;Sports Car
Lincoln;Navigator L Reserve;Luxury SUV
Maserati;Ghibli S Q4;Luxury Sedan
Tesla;Model X Base;Electric
Mercedes-Benz;AMG G 63 Base;Luxury SUV
Ford;Expedition Limited;SUV
Bugatti;Veyron 16.4 Grand Sport;Sports Car
Toyota;Highlander XLE;SUV
Honda;Civic LX;Compact/Midsize
Jeep;Wrangler Unlimited Sahara;Luxury SUV
Land;Rover Range Rover Supercharged;Luxury SUV
Acura;ILX 2.0L w/Premium Package;Luxury SUV
BMW;X6 sDrive35i;Luxury SUV
Porsche;Cayman S;Sports Car
Lincoln;Corsair Grand Touring;Luxury SUV
Cadillac;DTS Luxury II;Luxury Sedan
Cadillac;ATS 3.6L Luxury;Luxury Sedan
GMC;Sierra 1500 SLT;Truck
Ford;Transit-350 XLT;Van
Cadillac;XTS Luxury;Luxury Sedan
RAM;ProMaster 2500 Window Van High Roof;Sports Car
Mercedes-Benz;EQS 450 4MATIC;Luxury Sedan
Alfa;Romeo Giulia Quadrifoglio;Luxury Sedan
Chevrolet;Trailblazer LT;SUV
Lamborghini;Urus Base;Luxury SUV
Toyota;Highlander Limited;SUV
Audi;Q5 Premium;Luxury SUV
Mercedes-Benz;EQS 450+ Base;Luxury Sedan
Acura;TLX w/A-Spec Package;Luxury SUV
Toyota;Camry Hybrid LE;Hybrid
Honda;CR-V EX;SUV
Mercedes-Benz;E-Class E 550;Luxury Sedan
Mazda;MX-5 Miata Grand Touring;Compact/Midsize
Porsche;718 Boxster Base;Sports Car
Kia;Sportage SX Turbo;SUV
Nissan;Titan XD S;Truck
Audi;S7 2.9T Prestige;Luxury Sedan
Land;Rover Discovery HSE;Luxury SUV
INFINITI;Q70 3.7;Luxury SUV
Lincoln;MKX Base;Luxury SUV
Porsche;911 Carrera 4S;Sports Car
Acura;MDX 3.7L Advance;Luxury SUV
Volkswagen;Golf R 4-Door w/DCC & Navigation;Compact/Midsize
Kia;Forte GT-Line;Compact/Midsize
BMW;M8 Competition;Sports Car
Lincoln;MKC Select;Luxury SUV
Mazda;CX-30 Premium Package;SUV
Tesla;Model 3 Standard Range Plus;Electric
Porsche;718 Cayman S;Sports Car
Chevrolet;Corvette Base;Luxury Sedan
Ferrari;Roma Base;Sports Car
Rolls-Royce;Phantom Drophead Coupe Drophead;Luxury Sedan
Audi;SQ7 4.0T;Luxury SUV
Mercedes-Benz;AMG GLS 63 4MATIC;Luxury SUV
Mercedes-Benz;CLK-Class 500 Cabriolet;Luxury Sedan
Lexus;GX 470 Base;Luxury SUV
Lexus;NX 200t Base;Luxury SUV
Maserati;Ghibli S Q4 GranSport;Luxury Sedan
Aston;Martin DBX Base;Luxury SUV
Audi;Q3 45 S line Premium;Luxury SUV
Ford;Explorer XLT;SUV
Mercedes-Benz;AMG GLC 63 Base 4MATIC;Luxury SUV
Subaru;BRZ Premium;Compact/Midsize
Kia;Stinger GT2;Compact/Midsize
Chevrolet;Bolt EUV Premier;Electric
Subaru;Forester 2.5 XT;SUV
Kia;Sportage X-Pro;SUV
Mercedes-Benz;AMG E 53 4MATIC;Luxury Sedan
BMW;M550 i xDrive;Luxury Sedan
Subaru;Impreza WRX STI;Luxury SUV
Mazda;Mazda6 Grand Touring;Compact/Midsize
Hyundai;Veloster Base;Compact/Midsize
Bentley;Bentayga S;Luxury SUV
Land;Rover Defender X-Dynamic SE;Luxury SUV
Kia;Telluride SX;SUV
INFINITI;M56 Base;Sports Car
Mazda;Mazda3 s Grand Touring;Compact/Midsize
Chevrolet;Corvette Stingray w/1LT;Luxury Sedan
Audi;Q5 S line Premium Plus;Luxury SUV
Lexus;GX 460 Base;Luxury SUV
BMW;X1 sDrive28i;Luxury SUV
Tesla;Model X Long Range;Electric
BMW;X6 xDrive40i;Luxury SUV
Cadillac;CTS 2.0L Turbo Luxury;Luxury Sedan
Land;Rover Discovery Sport HSE;Luxury SUV
Mercedes-Benz;CLK-Class CLK 350;Luxury Sedan
Land;Rover Range Rover Autobiography;Luxury SUV
Kia;Optima EX;Compact/Midsize
Toyota;Highlander SE;SUV
Mercedes-Benz;Sprinter 4500 High Roof;Van
BMW;X1 xDrive28i;Luxury SUV
Audi;R8 5.2;Sports Car
Audi;S3 2.0T Tech Premium Plus;Luxury Sedan
Toyota;Tundra Hybrid TRD Pro;Truck
Lamborghini;Huracan EVO Base;Sports Car
BMW;328 xi;Luxury Sedan
Audi;SQ5 3.0T Prestige;Luxury SUV
Cadillac;Escalade Sport Platinum;Luxury SUV
BMW;M235 i;Luxury Sedan
BMW;X3 xDrive30i;Luxury SUV
Audi;TT 2.0T;Luxury Sedan
Subaru;Outback 3.6R Touring;Compact/Midsize
Hyundai;Santa Fe SEL;SUV
Dodge;Ram 1500 ST;Truck
Ford;Fusion Energi Titanium;Truck
Lincoln;Navigator Base;Luxury SUV
Ford;Mustang Mach-E Select;Sports Car
Mercedes-Benz;Sprinter 3500 High Roof;Van
Mercedes-Benz;AMG E 63 S 4MATIC;Luxury Sedan
BMW;440 i xDrive;Luxury Sedan
Acura;Integra LS;Compact/Midsize
Audi;Q7 55 Prestige;Luxury SUV
Volkswagen;Arteon 2.0T SE;Compact/Midsize
Lexus;LX 600 F SPORT;Luxury SUV
BMW;Z4 3.0i Roadster;Sports Car
BMW;X3 M40i;Luxury SUV
Kia;Sorento LX;SUV
Cadillac;CTS-V Base;Luxury Sedan
Ford;Transit Connect XL;Van
Land;Rover Range Rover Velar SVAutobiography Dynamic Edition;Luxury SUV
Lexus;IS 250 Base;Luxury Sedan
Volvo;XC90 T6 Momentum;Luxury SUV
Hyundai;Tucson Limited;SUV
GMC;Yukon XL SLT;SUV
Audi;RS Q8 4.0T;Luxury SUV
Toyota;RAV4 Hybrid XLE;SUV
Land;Rover Range Rover Evoque SE;Luxury SUV
Cadillac;Escalade EXT Base;Luxury SUV
Ford;F-250 Lariat;Truck
Subaru;Legacy 2.5 i Premium;Compact/Midsize
McLaren;570S Spider;Sports Car
Jeep;Wagoneer Series II 4x4;Luxury SUV
Lexus;RX 300 Base;Luxury SUV
Lincoln;Aviator Luxury;Luxury SUV
Cadillac;SRX Luxury Collection;Luxury SUV
Mercedes-Benz;GLS 450 Base;Luxury SUV
Mercedes-Benz;G-Class G 550 4MATIC;Luxury Sedan
Hyundai;Veloster Turbo R-Spec;Compact/Midsize
Toyota;4Runner Limited;SUV
Mercedes-Benz;S-Class S 580 4MATIC;Luxury Sedan
Audi;RS 7 4.0T Performance Prestige;Luxury Sedan
Mazda;MX-5 Miata Base;Compact/Midsize
Mercedes-Benz;AMG C 43 Base;Luxury Sedan
Chevrolet;Corvette Z06;Luxury Sedan
Ford;F-250 King Ranch;Truck
BMW;750 Li xDrive;Luxury Sedan
BMW;M3 CS;Sports Car
Audi;Q7 3.0T Premium;Luxury SUV
Land;Rover Defender X;Luxury SUV
BMW;750 i xDrive;Luxury Sedan
BMW;M3 Base;Sports Car
Rolls-Royce;Ghost Base;Luxury Sedan
Audi;e-tron Prestige;Electric
Land;Rover Range Rover Evoque SE Premium;Luxury SUV
Ferrari;California T;Sports Car
Kia;EV6 Wind;Electric
GMC;Sierra 1500 SLE Crew Cab;Truck
Lexus;ES 350 Base;Luxury Sedan
Nissan;370Z NISMO;Sports Car
Dodge;Ram 1500 Laramie;Truck
INFINITI;QX70 Base;Luxury SUV
BMW;X5 M Base;Luxury SUV
Lincoln;Navigator Select;Luxury SUV
Ford;Bronco Sport Outer Banks;SUV
Land;Rover Range Rover Evoque R-Dynamic HSE;Luxury SUV
BMW;M760 i xDrive;Luxury Sedan
Land;Rover Range Rover Velar P250 SE R-Dynamic;Luxury SUV
Acura;MDX w/Technology Package;Luxury SUV
Audi;S4 3.0T Premium;Luxury Sedan
Audi;A8 4.0;Luxury Sedan
Cadillac;Escalade ESV Sport;Luxury SUV
Mercedes-Benz;AMG GT AMG GT S;Luxury Sedan
Honda;Accord EX-L;Compact/Midsize
Rolls-Royce;Cullinan;Luxury SUV
Cadillac;Escalade Premium;Luxury SUV
Acura;RDX Technology Package;Luxury SUV
BMW;X2 xDrive28i;Luxury SUV
Mercedes-Benz;AMG S 63 Base 4MATIC;Luxury Sedan
Land;Rover Range Rover Evoque S;Luxury SUV
Volvo;XC90 T6 Inscription;Luxury SUV
Ford;Expedition King Ranch;SUV
Toyota;Highlander Hybrid Limited;SUV
Toyota;Tundra SR5 Access Cab;Truck
Ford;Transit-350 Base;Van
Jeep;Wrangler Unlimited 4xe Sahara;Luxury SUV
Mercedes-Benz;AMG GT 53 Base;Luxury Sedan
Toyota;Tundra Limited;Truck
BMW;135 i;Luxury Sedan
Mazda;Mazda3 Touring;Compact/Midsize
BMW;Z4 2.5i Roadster;Sports Car
Volvo;XC90 Hybrid T8 Inscription;Luxury SUV
Acura;TLX A-Spec;Luxury SUV
Chevrolet;Tahoe High Country;SUV
Tesla;Model Y Long Range;Electric
Chevrolet;Traverse LS;SUV
BMW;550 Gran Turismo i;Luxury Sedan
Land;Rover Range Rover Sport HSE;Luxury SUV
BMW;430 i xDrive;Luxury Sedan
Ford;Expedition Max King Ranch;SUV
Mercedes-Benz;GLC 300 GLC 300;Luxury SUV
Ford;Mustang Shelby GT500;Sports Car
Nissan;370Z Base;Sports Car
Toyota;Sequoia Platinum;SUV
Ford;Transit Connect XL w/Rear Symmetrical Doors;Van
INFINITI;QX80 Base;Luxury SUV
Aston;Martin V8 Vantage Base;Sports Car
Land;Rover Range Rover Velar P250 S R-Dynamic;Luxury SUV
Dodge;Charger R/T;Sports Car
Buick;Encore GX Essence;Luxury SUV
Nissan;Leaf S;Electric
Nissan;Leaf SL;Electric
Jeep;Grand Wagoneer Series III;SUV
Porsche;Boxster S;Sports Car
Bentley;Continental GT Base;Luxury Sedan
Audi;S6 4.0T;Luxury Sedan
GMC;Sierra 2500 SLE;Truck
Tesla;Model 3 Long Range;Electric
Mazda;CX-90 Premium;SUV
Cadillac;Escalade ESV Platinum;Luxury SUV
Audi;TT 3.2 Cabriolet quattro;Luxury Sedan
Hyundai;Santa Fe SE;SUV
Mercedes-Benz;AMG GLE AMG GLE 63 S-Model 4MATIC;Luxury SUV
Acura;MDX 3.5L Technology Package;Luxury SUV
BMW;M2 Base;Sports Car
Volkswagen;Jetta 1.4T SE;Luxury Sedan
Ford;Focus RS Base;Compact/Midsize
Ford;Bronco Sport Big Bend;SUV
Jeep;Gladiator Overland;Luxury SUV
BMW;330e iPerformance;Luxury Sedan
Mercedes-Benz;GLC 300 Base 4MATIC;Luxury SUV
Genesis;G70 3.3T;Luxury Sedan
Jeep;Grand Cherokee L Limited;SUV
Hyundai;IONIQ Plug-In Hybrid SEL;Hybrid
Kia;Sportage LX;SUV
BMW;X5 PHEV xDrive45e;Luxury SUV
Ford;Expedition EL XLT;SUV
BMW;X6 M Base;Luxury SUV
Lincoln;Navigator Reserve;Luxury SUV
Mercedes-Benz;GLA 250 Base 4MATIC;Luxury SUV
Jeep;Grand Cherokee L Summit;SUV
Volvo;S80 3.2;Luxury Sedan
Audi;RS 7 4.0T;Luxury Sedan
Ford;Edge Sport;SUV
GMC;Terrain SLT;SUV
Land;Rover Range Rover 5.0L Supercharged Autobiography LWB;Luxury SUV
Jeep;Grand Cherokee WK Laredo X;SUV
Mercedes-Benz;AMG GT 63 S 4-Door;Luxury Sedan
Chevrolet;Camaro 1LT;Sports Car
Mercedes-Benz;CLK-Class 550;Luxury Sedan
RAM;1500 TRX;Luxury SUV
Porsche;Macan S;Luxury SUV
Nissan;350Z Touring;Sports Car
Toyota;Sequoia SR5;SUV
Chevrolet;Tahoe Premier;SUV
Jeep;Compass Limited;SUV
BMW;430 430i;Luxury Sedan
Mercedes-Benz;AMG C 63 Base;Luxury Sedan
Volvo;S40 T5;Luxury Sedan
Mercedes-Benz;GLE 350 Base 4MATIC;Luxury SUV
Chevrolet;Silverado 1500 1LT;Truck
Chevrolet;Tahoe LTZ;SUV
Acura;MDX Technology;Luxury SUV
Bentley;Bentayga Speed;Luxury SUV
Genesis;GV70 2.5T;Luxury SUV
BMW;ALPINA B7 ALPINA B7 xDrive;Luxury Sedan
BMW;M4 Competition xDrive;Sports Car
Kia;Forte LX;Compact/Midsize
INFINITI;QX30 Premium;Luxury SUV
Mercedes-Benz;AMG G 63 4MATIC;Luxury SUV
Mercedes-Benz;AMG C 43 AMG C 43 4MATIC;Luxury Sedan
Jeep;Wrangler Unlimited Sport;Luxury SUV
Volkswagen;Jetta GLX VR6;Luxury Sedan
Bentley;Bentayga Azure First Edition;Luxury SUV
Toyota;Tundra SR5;Truck
Mercedes-Benz;AMG C AMG C 63 S;Luxury Sedan
Bentley;Bentayga Onyx Edition;Luxury SUV
Nissan;Murano SL;SUV
Bentley;Bentayga V8;Luxury SUV
Lamborghini;Murcielago Base;Sports Car
Chevrolet;Suburban LT;SUV
Chevrolet;Tahoe LT;SUV
Porsche;718 Cayman GTS;Sports Car
Porsche;Panamera Turbo;Luxury Sedan
Kia;Optima Hybrid LX;Hybrid
Land;Rover Range Rover Velar R-Dynamic SE;Luxury SUV
Mercedes-Benz;GL-Class GL 550;Luxury Sedan
Lamborghini;Huracan LP580-2S;Sports Car
Toyota;Highlander Hybrid Limited Platinum;SUV
GMC;Suburban 2500;SUV
BMW;M240 i;Luxury Sedan
Honda;Civic EX;Compact/Midsize
Maserati;Quattroporte Base;Luxury Sedan
Toyota;Camry LE;Compact/Midsize
Toyota;Sienna LE;Minivan
Lexus;LX 600 Premium;Luxury SUV
Dodge;Ram 1500 Quad Cab;Truck
Toyota;Supra A91-MT Edition;Compact/Midsize
Jeep;Wrangler Unlimited X;Luxury SUV
Nissan;Maxima SV;Compact/Midsize
Toyota;Camry Solara SLE V6;Compact/Midsize
Lexus;RX 450h Base;Luxury SUV
BMW;328 i xDrive;Luxury Sedan
BMW;X7 M50i;Luxury SUV
Hyundai;Tucson Hybrid SEL Convenience;SUV
Ford;Mustang Mach-E California Route 1;Sports Car
BMW;740 i;Luxury Sedan
Ford;Edge SEL;SUV
Volkswagen;Arteon 2.0T SEL Premium R-Line;Compact/Midsize
Honda;Pilot EX;SUV
BMW;X7 ALPINA XB7;Luxury Sedan
Jeep;Grand Cherokee Limited;SUV
GMC;Yukon Denali;SUV
Acura;MDX 3.5L w/Advance & Entertainment Pkgs;Luxury SUV
Volkswagen;Beetle 1.8T;Compact/Midsize
BMW;X7 xDrive50i;Luxury SUV
Kia;Sorento LX V6;SUV
BMW;435 i;Luxury Sedan
Acura;ZDX Base;Luxury SUV
Jeep;Wrangler X;Luxury SUV
Kia;Sportage Plug-In Hybrid X-Line;SUV
Ford;Mustang Mach-E Premium;Sports Car
Jeep;Wrangler Rubicon;Luxury SUV
Porsche;Panamera 4 Platinum Edition;Luxury Sedan
FIAT;500e Battery Electric;Luxury Sedan
Cadillac;Escalade Luxury;Luxury SUV
Lamborghini;Huracan LP580-2;Sports Car
Ford;Bronco Wildtrak Advanced;SUV
Lexus;LS 460 Crafted Line;Luxury Sedan
Audi;S8 4.2 quattro;Luxury Sedan
Volkswagen;Golf GTI 2.0T Autobahn 4-Door;Compact/Midsize
Cadillac;Escalade Sport;Luxury SUV
Toyota;GR86 Premium;Sports Car
Ford;Bronco Raptor;SUV
Nissan;Armada Platinum;SUV
Cadillac;CTS Premium;Luxury Sedan
Audi;R8 Base;Sports Car
BMW;M440 i;Luxury Sedan
Audi;A8 L 55;Luxury Sedan
Porsche;Macan Base;Luxury SUV
Lexus;IS 350 F Sport;Luxury Sedan
Lexus;RX 350 Base;Luxury SUV
Toyota;Supra A91 Edition;Compact/Midsize
BMW;X6 xDrive50i;Luxury SUV
Ford;F-150 SVT Raptor;Truck
Subaru;Outback 3.0 R VDC Limited;Compact/Midsize
Alfa;Romeo Giulia Ti;Luxury Sedan
Mazda;CX-7 Grand Touring;SUV
Ford;F-150 Platinum;Truck
Tesla;Model S 70D;Electric
Audi;S8 4.0T Plus;Luxury Sedan
Audi;A8 L 4.0T;Luxury Sedan
Ford;Ranger Sport SuperCab;Truck
INFINITI;Q50 Hybrid Premium;Luxury SUV
Mercedes-Benz;E-Class E 350 4MATIC;Luxury Sedan
Ford;Explorer sport;SUV
Mazda;MX-5 Miata RF Grand Touring;Compact/Midsize
BMW;X5 xDrive40i;Luxury SUV
Porsche;Macan;Luxury SUV
Audi;Q3 S line Premium Plus;Luxury SUV
Mazda;CX-9 Carbon Edition;SUV
Ford;F-150 Lariat;Truck
Hyundai;Santa Fe SEL Plus 2.4;SUV
Mercedes-Benz;E-Class E 350;Luxury Sedan
Ford;F-250 XLT SuperCab Super Duty;Truck
Mercedes-Benz;C-Class C 300 4MATIC Sport;Luxury Sedan
Volkswagen;Arteon SEL R-Line;Compact/Midsize
Chevrolet;Suburban 2500 LS;SUV
Chevrolet;Suburban 1500 LT;SUV
Genesis;G80 2.5T;Luxury Sedan
Maserati;Quattroporte Modena Q4;Luxury Sedan
Audi;RS 5 4.2;Luxury Sedan
Nissan;Rogue S;SUV
Porsche;Panamera 4S;Luxury Sedan
BMW;M440 i xDrive;Luxury Sedan
Volvo;S60 T6 Momentum;Luxury Sedan
Mazda;CX-9 Touring Plus;SUV
Chrysler;Pacifica Hybrid Touring L;Hybrid
Toyota;Highlander Base;SUV
Ford;Bronco;SUV
Land;Rover Discovery Sport S R-Dynamic;Luxury SUV
Mazda;Mazda6 Touring;Compact/Midsize
Audi;A4 2.0T Premium;Luxury Sedan
INFINITI;FX50 Base;Luxury SUV
Kia;K5 EX;Compact/Midsize
BMW;X5 eDrive xDrive40e;Luxury SUV
Mercedes-Benz;SLK-Class SLK230 Kompressor;Luxury Sedan
Jeep;Wrangler SE;Luxury SUV
Land;Rover LR4 Lux;Luxury SUV
BMW;M340 i xDrive;Luxury Sedan
Mercedes-Benz;AMG GLE 53 AMG GLE 53;Luxury SUV
BMW;ALPINA B7 Base;Luxury Sedan
Mercedes-Benz;C-Class C280 4MATIC;Luxury Sedan
Jeep;Compass High Altitude;SUV
Toyota;Highlander Hybrid XLE;SUV
Maserati;Quattroporte S Q4 GranLusso;Luxury Sedan
Acura;RDX Advance Package;Luxury SUV
Mercedes-Benz;GLA-Class GLA 250 4MATIC;Luxury Sedan
Mercedes-Benz;Sprinter 3500XD High Roof;Van
Chevrolet;Camaro 2LT;Sports Car
Porsche;Cayenne S;Luxury SUV
INFINITI;Q70 3.7X;Luxury SUV
Land;Rover Range Rover SV Autobiography Dynamic SWB;Luxury SUV
Toyota;Camry Hybrid Base;Hybrid
Lincoln;Corsair Reserve;Luxury SUV
Mercedes-Benz;GL-Class GL 450 4MATIC;Luxury Sedan
Ford;Mustang SVT Cobra;Sports Car
Acura;ILX Premium Package;Luxury SUV
Mercedes-Benz;S-Class S 560;Luxury Sedan
Mercedes-Benz;S-Class S 63 AMG;Luxury Sedan
Audi;A8 L 3.0T;Luxury Sedan
Mazda;CX-30 2.5 S Select Package;SUV
Bentley;Continental GT Speed;Luxury Sedan
Bentley;Continental GT V8;Luxury Sedan
Bentley;Flying Spur V8;Luxury Sedan
Volkswagen;Golf R 4-Door;Compact/Midsize
Ford;Mustang V6;Sports Car
Dodge;Challenger R/T;Sports Car
Dodge;Challenger SRT Hellcat;Sports Car
Porsche;Boxster Base;Sports Car
Ford;F-250 XL;Truck
Ford;Mustang GT;Sports Car
Mercedes-Benz;C-Class C 300 4MATIC;Luxury Sedan
RAM;1500 Classic Warlock;Luxury Sedan
Mazda;Mazda3 FWD w/Premium Package;Compact/Midsize
Nissan;Rogue SL;SUV
Genesis;G80 3.8;Luxury Sedan
BMW;M6 Gran Coupe Base;Sports Car
BMW;650 i;Luxury Sedan
Nissan;Leaf SV PLUS;Electric
Lincoln;MKC Reserve;Luxury SUV
Kia;Telluride EX;SUV
Mercedes-Benz;S-Class S 550 4MATIC;Luxury Sedan
Ford;Mustang EcoBoost Premium;Sports Car
Chevrolet;Cruze LS;Luxury Sedan
Land;Rover Range Rover HSE SWB;Luxury SUV
Land;Rover Defender S;Luxury SUV
Ford;Mustang Base;Sports Car
Kia;K5 GT-Line;Compact/Midsize
Mazda;Mazda3 i Touring;Compact/Midsize
Kia;Stinger GT1;Compact/Midsize
Chevrolet;Camaro ZL1;Sports Car
Kia;Telluride LX;SUV
Cadillac;Escalade Premium Luxury Platinum;Luxury SUV
INFINITI;QX60 Base;Luxury SUV
Lexus;IS 250C Base;Luxury Sedan
GMC;Sierra 1500 Denali;Truck
Lamborghini;Aventador SVJ Base;Sports Car
Audi;e-tron Premium;Electric
Toyota;Sequoia Limited;SUV
Land;Rover Range Rover Sport HST MHEV;Luxury SUV
Mercedes-Benz;C-Class 4MATIC Sedan;Luxury Sedan
Land;Rover Range Rover Sport First Edition;Luxury SUV
BMW;X6 xDrive35i;Luxury SUV
Land;Rover Range Rover 3.0L Supercharged;Luxury SUV
Audi;Q8 55 Premium Plus;Luxury SUV
Subaru;WRX Base;Luxury SUV
INFINITI;QX60 Pure;Luxury SUV
Land;Rover Defender SE;Luxury SUV
BMW;M8 Base;Sports Car
Land;Rover Range Rover P525 HSE SWB;Luxury Sedan
Ford;Escape XLT;SUV
Porsche;718 Boxster GTS;Sports Car
Mercedes-Benz;G-Class G 550;Luxury Sedan
Audi;R8 5.2 V10 performance;Sports Car
Mitsubishi;Lancer Evolution IX;Luxury SUV
Cadillac;CTS Luxury;Luxury Sedan
Chevrolet;Camaro 1SS;Sports Car
Jaguar;F-TYPE V6 S;Sports Car
Jeep;Wrangler Sahara;Luxury SUV
Porsche;718 Boxster S;Sports Car
Chevrolet;S-10 LS Crew Cab;Luxury Sedan
Lexus;RX 350 RX 350 F SPORT Handling;Luxury SUV
Chevrolet;Camaro 2SS;Sports Car
Ford;Fusion Hybrid SE;Hybrid
Lexus;RX 350 F Sport;Luxury SUV
Jeep;Gladiator Freedom;Luxury SUV
Toyota;Tacoma Double Cab;Truck
GMC;Yukon Denali Ultimate;SUV
Ford;Shelby GT350R Base;Sports Car
Mercedes-Benz;E-Class E 300 4MATIC;Luxury Sedan
Toyota;Tundra Hybrid Limited;Truck
Audi;S8 4.0T quattro;Luxury Sedan
Kia;Telluride S;SUV
Land;Rover Range Rover P400 SE SWB;Luxury SUV
Chevrolet;Silverado 3500 High Country;Truck
Maserati;Quattroporte Sport GT;Luxury Sedan
Mazda;Mazda6 i Grand Touring;Compact/Midsize
Kia;Optima LX;Compact/Midsize
Land;Rover Range Rover Sport SVR;Luxury SUV
Lexus;RX 450h F SPORT Handling;Luxury SUV
Honda;Civic Si;Compact/Midsize
Porsche;Boxster RS 60 Spyder;Sports Car
Ford;F-250 XLT;Truck
Kia;Sorento EX;SUV
Nissan;370Z Touring;Sports Car
Land;Rover Range Rover Sport Supercharged;Luxury SUV
Mercedes-Benz;S-Class S 560 4MATIC;Luxury Sedan
Jeep;Grand Cherokee Laredo;SUV
Jeep;Grand Cherokee L Overland;SUV
Acura;TLX V6 Advance;Luxury SUV
GMC;Terrain SLT-1;SUV
Toyota;Matrix XRS;Luxury SUV
Mercedes-Benz;AMG E 53 Base 4MATIC;Luxury Sedan
Audi;A6 3.2 quattro;Luxury Sedan
Chevrolet;Silverado 1500 LT Crew Cab;Truck
Toyota;Camry SE;Compact/Midsize
Ford;Escape SE;SUV
Kia;Niro EX;SUV
Toyota;4Runner Trail;SUV
Hyundai;Kona EV SEL;SUV
Jeep;Compass Trailhawk;SUV
Tesla;Model X P90D;Electric
Lincoln;MKX Reserve;Luxury SUV
Porsche;911 Carrera;Sports Car
Mercedes-Benz;E-Class 400E;Luxury Sedan
Jeep;Wagoneer Series III;SUV
Cadillac;ATS 2.5L;Luxury Sedan
Kia;EV6 GT-Line;Electric
Toyota;Tundra SR;Truck
Jeep;Wrangler Unlimited Freedom Edition;Luxury SUV
Mercedes-Benz;CLS-Class CLS500;Luxury Sedan
GMC;Sierra 3500 SLE;Truck
Nissan;Frontier SL;Truck
Porsche;911 R;Sports Car
Ford;F-150 XL;Truck
Honda;Insight EX;Hybrid
BMW;M5 Competition;Sports Car
Audi;S4 4.2 quattro;Luxury Sedan
Ford;F-250 Platinum;Truck
Kia;Seltos S;SUV
RAM;ProMaster 2500 High Roof;Sports Car
BMW;M760 M760i xDrive;Luxury Sedan
Mercedes-Benz;E-Class E 400;Luxury Sedan
INFINITI;Q50 Premium;Luxury SUV
Chevrolet;Suburban 1500 LTZ;SUV
Mercedes-Benz;GL-Class GL 550 4MATIC;Luxury Sedan
Jaguar;XJ8 Base;Luxury Sedan
Porsche;Panamera GTS;Luxury Sedan
Mercedes-Benz;AMG GT C;Luxury Sedan
Audi;Q7 Premium Plus;Luxury SUV
GMC;Sierra 2500 AT4;Truck
Jeep;Grand Cherokee L Laredo;SUV
Nissan;Titan SE;Truck
Dodge;Ram 1500 SRT-10 Quad Cab;Truck
INFINITI;QX80 Luxe;Luxury SUV
Ford;Mustang Premium;Sports Car
Rivian;R1S Launch Edition;Electric
Volvo;XC90 Recharge Plug-In Hybrid T8 Inscription 7 Passenger;Luxury SUV
Audi;TT 2.0T Premium;Luxury Sedan
Nissan;Pathfinder SL;SUV
BMW;X5 xDrive50i;Luxury SUV
Toyota;bZ4X Limited;Sports Car
RAM;1500 Classic SLT;Luxury Sedan
Tesla;Model X Performance;Electric
Subaru;Outback 2.5i Limited;Compact/Midsize
Land;Rover Range Rover 5.0L Supercharged;Luxury SUV
Ford;Expedition Max XLT;SUV
Toyota;Tacoma TRD Pro;Truck
Porsche;911 Carrera S Cabriolet;Sports Car
Porsche;Taycan Turbo;Electric
BMW;M2 Competition;Sports Car
Audi;Q4 e-tron Sportback Premium;Electric
Mercedes-Benz;AMG GLE 43 Coupe 4MATIC;Luxury SUV
Chevrolet;Colorado Z71;Truck
GMC;Sierra 2500 SLE H/D Extended Cab;Truck
Audi;SQ5 3.0T Premium;Luxury SUV
Toyota;Corolla iM Base;Compact/Midsize
Toyota;Tundra 1794;Truck
Subaru;WRX Premium;Luxury SUV
Chevrolet;Suburban Premier;SUV
Porsche;Cayenne GTS;Luxury SUV
BMW;Z4 sDrive35is;Sports Car
Subaru;Impreza 2.0i Sport;Compact/Midsize
Land;Rover Range Rover P525 Westminster;Luxury Sedan
Cadillac;Escalade ESV Luxury;Luxury SUV
Kia;Optima Hybrid EX;Hybrid
Chevrolet;Silverado 3500 LTZ;Truck
Volkswagen;Golf GTI 2.0T SE 4-Door;Compact/Midsize
Dodge;Ram 1500 SRT-10;Truck
Land;Rover Range Rover 5.0L Supercharged Autobiography;Luxury SUV
Lexus;LS 500 Base;Luxury Sedan
Porsche;911 Carrera Turbo;Sports Car
Hyundai;Sonata Hybrid Base;Hybrid
Audi;Q5 2.0T Premium;Luxury SUV
Land;Rover Range Rover 3.0L Supercharged HSE;Luxury SUV
Land;Rover Range Rover 5.0L V8 Supercharged;Luxury SUV
Toyota;4Runner TRD Pro;SUV
Jaguar;XJ Base;Luxury Sedan
Chevrolet;Camaro LT1;Sports Car
Porsche;Taycan Base;Electric
Cadillac;Escalade ESV Premium Luxury;Luxury SUV
Toyota;Camry Hybrid XLE;Hybrid
BMW;328 i;Luxury Sedan
Mercedes-Benz;GL-Class GL 450;Luxury Sedan
Chevrolet;Trailblazer RS;SUV
GMC;Yukon XL AT4;SUV
Mazda;Mazda6 Grand Touring Reserve;Compact/Midsize
BMW;330 330i xDrive;Luxury Sedan
Volkswagen;Beetle 2.0T S;Compact/Midsize
Volvo;XC60 Recharge Plug-In Hybrid T8 Inscription;Hybrid
Land;Rover Range Rover Supercharged LWB;Luxury SUV
Maserati;Quattroporte S GranLusso;Luxury Sedan
Ford;Mustang Bullitt;Luxury Sedan
Dodge;Charger Scat Pack;Sports Car
Kia;Sportage S;SUV
Porsche;Panamera Base;Luxury Sedan
Chevrolet;Colorado Z85;Truck
Toyota;Corolla Hybrid LE;Hybrid
Mercedes-Benz;SLK-Class SLK 350;Luxury Sedan
Mercedes-Benz;E-Class E 400 4MATIC;Luxury Sedan
Lincoln;Navigator Premiere;Luxury SUV
GMC;Yukon XL Denali;SUV
Land;Rover Range Rover P530 SE LWB 7 Seat;Luxury SUV
Porsche;911 Carrera 4 Cabriolet;Sports Car
Genesis;G80 3.3T Sport;Luxury Sedan
Subaru;Impreza WRX Premium;Luxury SUV
GMC;Sierra 2500 Base;Truck
Mercedes-Benz;Sprinter Normal Roof;Van
Jaguar;XJ Vanden Plas;Luxury Sedan
Subaru;WRX Limited;Luxury SUV
Dodge;Ram 2500 SLT Quad Cab;Truck
Audi;RS 4 4.2 quattro L;Luxury Sedan
Audi;A4 2.0T Premium Plus;Luxury Sedan
Audi;A4 3.2 Premium Plus quattro;Luxury Sedan
Land;Rover Range Rover Sport 5.0L Supercharged Dynamic;Luxury SUV
Audi;Q8 3.0T Prestige;Luxury SUV
BMW;X5 xDrive35i;Luxury SUV
Ford;Bronco Base;SUV
Buick;Enclave Premium;Luxury Sedan
Ford;Mustang V6 Premium;Sports Car
GMC;Yukon SLT;SUV
Dodge;Charger GT;Sports Car
Honda;Civic Type R Touring;Compact/Midsize
Chevrolet;Silverado 1500 Limited High Country;Truck
Jeep;Grand Cherokee Altitude;SUV
Acura;ILX Technology Plus Package;Luxury SUV
Land;Rover Range Rover P530 SE SWB;Luxury SUV
INFINITI;M37 x;Sports Car
Mazda;RX-8 Grand Touring;Luxury SUV
Acura;ILX Premium & A-SPEC Packages;Luxury SUV
Toyota;Highlander Limited Platinum;SUV
Maserati;Ghibli Base;Luxury Sedan
Lincoln;MKC Base;Luxury SUV
Lexus;SC 430 Base;Luxury Sedan
Land;Rover Range Rover Evoque Base;Luxury SUV
Acura;TLX Type S w/Performance Tire;Luxury SUV
GMC;Sierra 1500 Denali Ultimate;Truck
Ford;Bronco Outer Banks Advanced;SUV
Land;Rover Discovery Sport SE;Luxury SUV
Ford;Bronco Badlands Advanced;SUV
Jeep;Wrangler Unlimited Rubicon;Luxury SUV
BMW;X4 xDrive30i;Luxury SUV
Cadillac;XTS Premium;Luxury Sedan
Rolls-Royce;Phantom;Luxury Sedan
Hyundai;IONIQ 5 SE;Hybrid
Lexus;LS 430 Base;Luxury Sedan
Ford;Expedition Timberline;SUV
Chevrolet;Silverado 1500 LT Trail Boss;Truck
Toyota;Tacoma SR;Truck
Ford;F-150 Lightning XLT;Truck
GMC;Terrain Denali;SUV
Mazda;Mazda3 i Sport;Compact/Midsize
Tesla;Model X 75D;Electric
Honda;Pilot Elite;SUV
Chevrolet;Equinox LT;SUV
Land;Rover LR2 Base;Luxury SUV
INFINITI;Q50 3.0t Red Sport 400;Luxury SUV
Subaru;Outback 3.6R Limited;Compact/Midsize
Toyota;Avalon XLS;Luxury Sedan
Chevrolet;Traverse RS;SUV
BMW;330 i;Luxury Sedan
Chevrolet;Silverado 2500 High Country;Truck
Ferrari;F12berlinetta Base;Luxury Sedan
Chevrolet;Silverado 2500 LT;Truck
Mercedes-Benz;Maybach S 580 4MATIC;Luxury Sedan
Ford;Shelby GT350 Base;Sports Car
Toyota;Prius Touring;Hybrid
Cadillac;Escalade ESV Base;Luxury SUV
Porsche;911 Carrera GTS;Sports Car
Cadillac;ATS 2.0L Turbo;Luxury Sedan
Mercedes-Benz;G-Class G 63 AMG;Luxury Sedan
Tesla;Model S P100D;Electric
Maserati;Ghibli S GranLusso;Luxury Sedan
Ford;Expedition XLT;SUV
Lexus;GX 460 Premium;Luxury SUV
Subaru;Impreza 2.0i Premium;Compact/Midsize
Toyota;RAV4 TRD Off Road;SUV
Jeep;Gladiator Sport;Luxury SUV
Ford;Bronco Big Bend Advanced;SUV
Toyota;Sequoia TRD Pro;SUV
Chevrolet;Suburban 1500 LS;SUV
Audi;R8 5.2 quattro Spyder;Luxury Sedan
BMW;X5 3.0si;Luxury SUV
Cadillac;Escalade Platinum;Luxury SUV
Land;Rover Range Rover Sport Supercharged Dynamic;Luxury SUV
Nissan;Titan S;Truck
Honda;Accord EX-L 2.0T;Compact/Midsize
Audi;A4 2.0T Titanium Premium;Luxury Sedan
Chevrolet;Avalanche 1500 LS;Luxury Sedan
Audi;S4 Base;Luxury Sedan
Land;Rover Range Rover Sport Supercharged HSE;Luxury SUV
Ford;Mustang Mach-E GT;Sports Car
Ford;F-150 Raptor;Truck
Acura;TLX Base;Luxury SUV
Nissan;Frontier SV;Truck
Porsche;Panamera 4;Luxury Sedan
Acura;TLX PMC Edition;Luxury SUV
Kia;Sorento EX V6;SUV
BMW;430 i;Luxury Sedan
Buick;Enclave Leather;Luxury Sedan
Lexus;RX 330 Base;Luxury Sedan
Lexus;RX 450h F Sport;Luxury SUV
Kia;Forte Koup EX;Compact/Midsize
Audi;S4 3.0T Premium Plus;Luxury Sedan
Chevrolet;Silverado 2500 LTZ H/D Extended Cab;Truck
Acura;Integra GS-R;Compact/Midsize
Acura;RDX w/A-Spec Package;Luxury SUV
Hyundai;Accent GLS;Luxury SUV
Mercedes-Benz;S-Class S 450 4MATIC;Luxury Sedan
Porsche;911 GT3;Sports Car
Audi;Q5 3.0 TDI Premium Plus;Luxury SUV
BMW;M8 Gran Coupe Competition;Sports Car
Dodge;Charger R/T 392;Sports Car
INFINITI;Q50 3.0t Signature Edition;Luxury SUV
BMW;135 is;Luxury Sedan
Pontiac;Solstice GXP;Luxury SUV
Ford;F-150 Limited;Truck
Mazda;Mazda3 i SV;Compact/Midsize
Cadillac;CTS 3.6L Luxury;Luxury Sedan
Acura;RDX w/Advance Package;Luxury SUV
Chevrolet;Silverado 1500 Hybrid 1HY;Truck
Audi;Q5 S line Premium;Luxury SUV
Volkswagen;Jetta GLI;Luxury Sedan
Hyundai;Santa Fe Sport 2.0L Turbo Ultimate;SUV
Ford;Focus SE;Compact/Midsize
Land;Rover Range Rover HSE;Luxury SUV
Mazda;CX-9 Signature;SUV
Acura;TLX Tech;Luxury SUV
Honda;Civic Si Base;Compact/Midsize
Hyundai;Elantra SE;Compact/Midsize
Jaguar;F-TYPE S British Design Edition;Sports Car
Bentley;Continental GTC V8;Luxury Sedan
Cadillac;Escalade Premium Luxury;Luxury SUV
Cadillac;CT6 Luxury;Luxury Sedan
GMC;Sierra 1500 SL Crew Cab;Truck
Ford;Bronco Outer Banks;SUV
Nissan;GT-R Black Edition;Sports Car
BMW;750 i;Luxury Sedan
Lexus;LS 500 F Sport;Luxury Sedan
Tesla;Model S 85D;Electric
Mazda;MX-5 Miata Shinsen;Compact/Midsize
Nissan;Pathfinder Platinum;SUV
GMC;Yukon SLE;SUV
Buick;Enclave 1XL;Luxury Sedan
Jeep;Gladiator Willys;Luxury SUV
Mercedes-Benz;C-Class C 63 AMG;Luxury Sedan
Lamborghini;Aventador LP700-4;Sports Car
Audi;R8 4.2 quattro Spyder;Luxury Sedan
Jeep;Wrangler Sport;Luxury SUV
Alfa;Romeo Giulia Base;Luxury Sedan
Mercedes-Benz;C-Class C 300;Luxury Sedan
Nissan;370Z NISMO Tech;Sports Car
BMW;X3 xDrive35i;Luxury SUV
Honda;Pilot Black Edition;SUV
Lexus;RX 350 Crafted Line F Sport;Luxury SUV
Cadillac;CT6-V 4.2L Blackwing Twin Turbo;Luxury Sedan
Ford;Expedition EL Limited;SUV
Ford;Bronco Sport Base;SUV
Land;Rover Defender;Luxury SUV
Mercedes-Benz;AMG GLC 43 AMG GLC 43;Luxury SUV
Toyota;Highlander LE Plus;SUV
Mercedes-Benz;E-Class AMG E 53;Luxury Sedan
Mercedes-Benz;SL-Class SL63 AMG Roadster;Luxury Sedan
Chrysler;Sebring LX;Luxury SUV
Chevrolet;Corvette Stingray w/3LT;Luxury Sedan
Tesla;Model S 100D;Electric
Chevrolet;Corvette Grand Sport;Luxury Sedan
Audi;Q8 55 Premium;Luxury SUV
Honda;Odyssey Elite;Minivan
Acura;TLX;Luxury SUV
Porsche;Cayenne GTS Coupe AWD;Luxury SUV
Tesla;Model S Performance;Electric
Toyota;GR86 Base;Sports Car
Bentley;Continental GT V8 S;Luxury Sedan
Jaguar;F-TYPE S;Sports Car
Toyota;Tundra Hybrid Capstone;Truck
Porsche;Panamera 4 Edition;Luxury Sedan
GMC;Sierra 3500 Denali;Truck
Kia;Niro Plug-In Hybrid EX;SUV
Mercedes-Benz;S-Class S 65 AMG;Luxury Sedan
Acura;MDX Sport Hybrid 3.0L w/Technology Package;Luxury SUV
Nissan;Titan SV;Truck
Mercedes-Benz;AMG GT AMG GT;Luxury Sedan
Dodge;Challenger SRT8;Sports Car
Audi;Q7 3.0T Prestige;Luxury SUV
Tesla;Model 3;Electric
Land;Rover Range Rover P400 SE LWB 7 Seat;Luxury SUV
Nissan;240SX Base;Luxury Sedan
Toyota;RAV4 Base;SUV
Honda;Civic Sport;Compact/Midsize
RAM;ProMaster 3500 Tradesman;Sports Car
Acura;RDX Base;Luxury SUV
Land;Rover Defender 110 SE;Luxury SUV
Volvo;S80 T6;Luxury Sedan
Mazda;CX-30 Select;SUV
INFINITI;FX37 Base;Luxury SUV
Chevrolet;Silverado 1500 LT;Truck
Porsche;Panamera Edition;Luxury Sedan
Chevrolet;Silverado 1500 1LZ;Truck
Toyota;Camry Solara SLE;Compact/Midsize
Porsche;Cayenne Diesel;Luxury SUV
Chevrolet;Camaro Base;Sports Car
Audi;Q3 2.0T Premium Plus;Luxury SUV
BMW;650 i xDrive;Luxury Sedan
Chevrolet;Silverado 2500 H/D;Truck
Porsche;911 Turbo;Sports Car
Land;Rover Range Rover Sport SVR Carbon Edition;Luxury SUV
Mercedes-Benz;E-Class D 2.5 Turbo;Luxury Sedan
Audi;TT 1.8L;Luxury Sedan
Mazda;CX-7 Sport;SUV
INFINITI;QX80 SENSORY;Luxury SUV
Chevrolet;Silverado 1500 Limited LT Trail Boss;Truck
Chevrolet;Tahoe Base;SUV
Chevrolet;Corvette Stingray w/2LT;Luxury Sedan
Ford;Focus ST Base;Compact/Midsize
Chevrolet;Corvette Stingray Z51;Luxury Sedan
Chevrolet;Bolt EV LT;Electric
Dodge;Charger SRT Hellcat Widebody;Sports Car
Chevrolet;Silverado 1500 ZR2;Truck
Mazda;MX-5 Miata Sport;Compact/Midsize
Toyota;4Runner TRD Off Road;SUV
BMW;650 Gran Coupe i;Luxury Sedan
Hyundai;Palisade Calligraphy;SUV
BMW;M3 Competition xDrive;Sports Car
Honda;Passport TrailSport;SUV
Toyota;Tacoma Base;Truck
Audi;TT RS Base;Luxury Sedan
INFINITI;QX56 Base;Luxury SUV
Volkswagen;New Beetle GLS;Luxury SUV
Lamborghini;Aventador LP750-4 Superveloce;Luxury Sedan
Dodge;Challenger SRT 392;Sports Car
Acura;MDX w/Advance Package;Luxury SUV
Subaru;Impreza Premium;Compact/Midsize
Audi;A8 4.0T;Luxury Sedan
GMC;Sierra 1500 Limited Elevation;Truck
Ford;Fusion Hybrid SE Hybrid;Hybrid
Aston;Martin Vantage Base;Sports Car
Volkswagen;Jetta SportWagen SE;Luxury Sedan
Volkswagen;Arteon 2.0T SEL R-Line;Compact/Midsize
Mercedes-Benz;C-Class C 300 4MATIC Luxury;Luxury Sedan
Dodge;Ram 2500 ST;Truck
Dodge;Challenger SE;Sports Car
Bentley;Continental GT V8 First Edition;Luxury Sedan
Land;Rover Discovery SE;Luxury SUV
Land;Rover Defender V8;Luxury SUV
Chevrolet;Silverado 1500 2LT;Truck
Tesla;Model 3 Base;Electric
INFINITI;QX60 Luxe;Luxury SUV
Hyundai;Sonata GLS;Luxury SUV
Kia;Sorento Hybrid EX;SUV
Jeep;Compass Latitude;SUV
BMW;430 Gran Coupe i xDrive;Luxury Sedan
Hyundai;Santa Fe GLS;Luxury SUV
Nissan;Murano SV;SUV
Chevrolet;Silverado 1500 RST;Truck
Porsche;Boxster GTS;Sports Car
Ford;Expedition EL King Ranch;SUV
Bentley;Continental GT GT Speed;Luxury Sedan
Jeep;Compass Sport;SUV
Buick;Enclave Essence;Luxury Sedan
Audi;S4 3.0 Prestige;Luxury Sedan
Toyota;4Runner SR5 Premium;SUV
Tesla;Model 3 Mid Range;Electric
Ford;F-250 Base;Truck
Subaru;Legacy 2.5 GT spec.B;Compact/Midsize
Mercedes-Benz;C-Class C 250 Sport;Luxury Sedan
Toyota;Sienna XLE Limited;Minivan
Audi;Q5 3.0T Premium Plus;Luxury SUV
Mazda;MX-5 Miata Club;Compact/Midsize
Bentley;Bentayga W12 Signature;Luxury SUV
Mercedes-Benz;S-Class S500;Luxury Sedan
BMW;750 iL;Luxury Sedan
Audi;A4 2.0T Tech Premium;Luxury Sedan
Mercedes-Benz;E-Class E 550 4MATIC;Luxury Sedan
Mercedes-Benz;M-Class ML 350 4MATIC;Luxury Sedan
Mercedes-Benz;A-Class A 220 4MATIC;Luxury Sedan
Chevrolet;Silverado 1500 W/T;Truck
Nissan;Titan SL;Truck
Chevrolet;Tahoe RST;SUV
Cadillac;Escalade ESV Premium Luxury Platinum;Luxury SUV
Audi;R8 5.2 V10 plus;Sports Car
Porsche;911 Carrera 4;Sports Car
Land;Rover Range Rover 3.0L V6 Supercharged HSE;Luxury SUV
Acura;NSX Base;Sports Car
Nissan;Frontier SE Crew Cab;Truck
Subaru;BRZ Limited;Compact/Midsize
Ford;Focus SEL;Compact/Midsize
Nissan;Rogue Sport S;SUV
Mercedes-Benz;AMG GT Base;Luxury Sedan
Ford;Ranger XLT;Truck
Jeep;Wrangler Rubicon Hard Rock;Luxury SUV
Cadillac;Escalade ESV Platinum Edition;Luxury SUV
Subaru;Impreza 2.0i;Compact/Midsize
Porsche;911 Turbo Cabriolet;Sports Car
Chevrolet;Silverado 1500 High Country;Truck
Subaru;Legacy 2.5i Premium;Compact/Midsize
Chevrolet;Silverado 1500 LTZ;Truck
BMW;X5 xDrive40e;Luxury SUV
Land;Rover Range Rover Sport P400 SE Dynamic;Luxury SUV
Kia;Sorento Plug-In Hybrid SX;SUV
Land;Rover Discovery S;Luxury SUV
Ford;F-250 XLT Crew Cab Super Duty;Truck
Ford;Taurus SHO;Luxury SUV
Lexus;RX 350 F Sport Performance;Luxury SUV
Mazda;Mazda3 s Sport;Compact/Midsize
Subaru;WRX STI Base;Luxury SUV
Mercedes-Benz;AMG GT R;Luxury Sedan
Acura;RDX PMC Edition;Luxury SUV
BMW;M3 Competition;Sports Car
Land;Rover Range Rover Evoque HSE Dynamic;Luxury SUV
Porsche;911 Targa 4 GTS;Sports Car
Chevrolet;Silverado 1500 Base;Truck
Buick;Enclave Avenir;Luxury Sedan
Lexus;NX 300h Base;Luxury SUV
Mercedes-Benz;SL-Class SL400;Luxury Sedan
McLaren;570S Base;Sports Car
Nissan;Altima 2.5 SL;Compact/Midsize
Ford;Flex Limited;SUV
Porsche;718 Cayman GT4;Sports Car
Toyota;Camry XLE;Compact/Midsize
Volkswagen;ID.4 Pro S;Electric
Nissan;Altima 2.5 SV;Compact/Midsize
Subaru;Outback Limited;Compact/Midsize
Mercedes-Benz;S-Class S 450;Luxury Sedan
Hyundai;Palisade Limited;SUV
Mercedes-Benz;R-Class R 350 4MATIC;Luxury Sedan
Jaguar;XJ6 Vanden Plas;Luxury Sedan
BMW;550 i xDrive;Luxury Sedan
Lexus;GX 460 Luxury;Luxury SUV
Tesla;Model S Long Range;Electric
Honda;Odyssey EX-L;Minivan
Ford;Explorer Platinum;SUV
Ford;F-150 FX4;Luxury SUV
Mazda;CX-5 Touring;SUV
Chevrolet;Corvette Z06 w/2LZ;Luxury Sedan
Acura;TLX Type S PMC Edition;Luxury SUV
Dodge;Charger R/T Scat Pack;Sports Car
Mazda;Mazda3 Grand Touring;Compact/Midsize
Lamborghini;Urus Pearl Capsule;Luxury SUV
Mazda;Mazda6 i Touring;Compact/Midsize
Genesis;G70 3.3T Advanced;Luxury Sedan
Land;Rover Range Rover P530 SE;Luxury SUV
Ferrari;F430 Berlinetta;Luxury Sedan
Mercedes-Benz;SLK-Class SLK280 Roadster;Luxury Sedan
Mercedes-Benz;E-Class E500;Luxury Sedan
Chevrolet;Silverado 2500 WT;Truck
Porsche;Macan Turbo;Luxury SUV
Toyota;Tundra Platinum;Truck
Jeep;Wrangler Unlimited Sport S;Luxury SUV
Cadillac;CTS Performance;Luxury Sedan
Land;Rover Discovery HSE LUXURY;Luxury SUV
Honda;CR-V Touring;SUV
Porsche;Panamera S;Luxury Sedan
Chevrolet;Traverse High Country;SUV
Jeep;Wrangler S;Luxury SUV
Cadillac;CTS 3.6L Premium Luxury;Luxury Sedan
Mazda;Mazda3 FWD w/Preferred Package;Compact/Midsize
Mercedes-Benz;SL-Class SL550 Roadster;Luxury Sedan
Ford;Bronco Big Bend;SUV
Toyota;Tacoma TRD Sport;Truck
Chevrolet;Trailblazer SS;SUV
Chevrolet;Suburban LTZ;SUV
Volkswagen;Golf R Base;Compact/Midsize
Ford;Explorer Limited;SUV
Honda;Odyssey LX;Minivan
Dodge;Ram 2500 SLT Mega Cab;Truck
Nissan;Pathfinder SV;SUV
Mazda;RX-8 R3;Luxury SUV
Chevrolet;Suburban Z71;SUV
Chevrolet;Equinox Premier w/2LZ;SUV
Chevrolet;Camaro Z28;Sports Car
Chevrolet;Corvette Stingray;Luxury Sedan
Chevrolet;Colorado LT;Truck
Toyota;Highlander Platinum;SUV
Mercedes-Benz;SL-Class SL 63 AMG;Luxury Sedan
Toyota;RAV4 Prime XSE;SUV
Porsche;911 Carrera 4 GTS;Sports Car
Ford;F-150 XLT SuperCab;Truck
Lexus;LS 460 Base;Luxury Sedan
Honda;CR-V LX;SUV
Ford;F-250 Limited;Truck
Porsche;Boxster Black Edition;Sports Car
BMW;Z4 3.0si;Sports Car
Dodge;Ram 1500 SLT Mega Cab;Truck
Mercedes-Benz;Sprinter 2500 Standard Roof;Van
Ford;Explorer Eddie Bauer;SUV
Chrysler;Town & Country LX;Luxury SUV
Honda;Pilot EX-L;SUV
Ford;Edge SE;SUV
Ford;Ranger XLT SuperCab;Truck
Volkswagen;Golf GTI 2.0T Autobahn;Compact/Midsize
Cadillac;ATS 2.0L Turbo Luxury;Luxury Sedan
Ford;Bronco Badlands;SUV
Toyota;Tundra SR5 Double Cab;Truck
Land;Rover Range Rover Velar P380 S;Luxury SUV
Nissan;Pathfinder S;SUV
Honda;Accord Sport;Compact/Midsize
BMW;330 i xDrive;Luxury Sedan
Acura;MDX Sport;Luxury SUV
Chevrolet;Suburban High Country;SUV
Kia;Niro EV EX;SUV
Mercedes-Benz;SL-Class SL600 Roadster;Luxury Sedan
Porsche;Cayenne Turbo;Luxury SUV
Saturn;Vue Hybrid Base;Hybrid
Lexus;RX 350 F SPORT Appearance;Luxury SUV
Mazda;CX-50 2.5 Turbo Premium Package;SUV
BMW;X6 M50i;Luxury SUV
Land;Rover Range Rover Velar R-Dynamic S;Luxury SUV
Toyota;Tacoma SR5;Truck
Porsche;911 Carrera Cabriolet;Sports Car
Jeep;Gladiator Sport S;Luxury SUV
BMW;X4 M Competition;Luxury SUV
Volvo;S60 B5 Inscription;Luxury Sedan
Subaru;Outback 2.5i Premium;Compact/Midsize
Ford;Excursion XLS;Luxury Sedan
Lexus;NX 300 Base;Luxury SUV
BMW;435 i xDrive;Luxury Sedan
Mercedes-Benz;G 550 4x4 Squared Base;Luxury Sedan
Porsche;Panamera Platinum Edition;Luxury Sedan
BMW;740e xDrive iPerformance;Luxury Sedan
Lincoln;Corsair Standard;Luxury SUV
Hyundai;Sonata Sport;Compact/Midsize
Nissan;Maxima 3.5 SR;Compact/Midsize
Cadillac;CTS Base;Luxury Sedan
Acura;RDX;Luxury SUV
Toyota;Corolla CE;Compact/Midsize
Toyota;Camry Solara SE;Compact/Midsize
Land;Rover Range Rover Sport HSE Dynamic;Luxury SUV
Chevrolet;Corvette ZR-1;Luxury Sedan
Nissan;Armada LE;SUV
Tesla;Model X P100D;Electric
Mercedes-Benz;CLS-Class CLS 400 4MATIC;Luxury Sedan
Hyundai;Sonata SE;Compact/Midsize
Chevrolet;Colorado LT Crew Cab;Truck
Mercedes-Benz;AMG GLE 63 S Coupe 4MATIC;Luxury SUV
Dodge;Sprinter 2500 High Roof;Van
Cadillac;CTS 3.6L Premium;Luxury Sedan
Toyota;4Runner Venture Special Edition;SUV
Jaguar;XJ8 L;Luxury Sedan
Land;Rover LR2 HSE;Luxury SUV
Honda;Clarity Plug-In Hybrid Base;Luxury Sedan
Land;Rover Discovery LSE;Luxury SUV
Jeep;Gladiator Mojave;Luxury SUV
Acura;MDX Touring;Luxury SUV
Land;Rover Range Rover Sport SE MHEV;Luxury SUV
Porsche;911 Turbo S;Sports Car
Hyundai;Sonata Sport 2.0T;Compact/Midsize
Audi;TT 1.8T;Luxury Sedan
Chrysler;Pacifica Launch Edition;Minivan
GMC;Sierra 1500 SLE;Truck
Dodge;Challenger SRT Demon;Sports Car
Volkswagen;Jetta S;Luxury Sedan
Mazda;CX-5 Grand Touring;SUV
Tesla;Model S 85;Electric
Tesla;Model 3 Standard Range;Electric
BMW;X5 M50i;Luxury SUV
Mazda;MX-5 Miata RF Club;Compact/Midsize
BMW;Z4 2.5i;Sports Car
Mazda;Mazda6 iSport VE;Compact/Midsize
Kia;Telluride EX X-Line;SUV
Porsche;Macan GTS;Luxury SUV
Mercedes-Benz;GLE 350 Base;Luxury SUV
Audi;S6 4.0T Premium Plus;Luxury Sedan
GMC;Sierra 1500 AT4;Truck
Mercedes-Benz;CLS-Class CLS 63 AMG S-Model 4MATIC;Luxury Sedan
Lexus;RX 300 4WD;Luxury SUV
Subaru;Outback 2.5 i Special Edition;Compact/Midsize
Ford;F-150 Heritage XL SuperCab Flareside;Truck
Mazda;MazdaSpeed Miata MX-5 Base;Compact/Midsize
Mercedes-Benz;SLS AMG Base;Luxury Sedan
Nissan;Maxima SL;Compact/Midsize
Acura;MDX 3.5L w/Technology Package;Luxury SUV
Volkswagen;Jetta 1.4T S;Luxury Sedan
Porsche;Cayman R;Sports Car
BMW;750 Li;Luxury Sedan
BMW;X3 M AWD;Luxury SUV
Toyota;Corolla S Plus;Compact/Midsize
Mercedes-Benz;E-Class E 450 4MATIC;Luxury Sedan
Ford;Fusion Hybrid Base;Hybrid
BMW;X1 xDrive 28i;Luxury SUV
RAM;1500 Classic Tradesman;Luxury Sedan
Mazda;CX-9 Touring;SUV
Jeep;Wrangler Unlimited;Luxury SUV
Volkswagen;Golf SportWagen TSI SE;Compact/Midsize
Kia;Sorento SXL;SUV
Jeep;Cherokee Sport;SUV
Porsche;Cayman GT4;Sports Car
GMC;Yukon XL 1500 SLT;SUV
Ford;Bronco XLT;SUV
Tesla;Model S Long Range Plus;Electric
Jeep;Wrangler 80th Anniversary;Luxury SUV
Toyota;4Runner 4WD;SUV
Lamborghini;Gallardo LP550-2;Luxury Sedan
Volkswagen;e-Golf SE;Compact/Midsize
Chevrolet;Caprice Classic Base;Luxury Sedan
Toyota;Tundra TRD Pro;Truck
INFINITI;QX60 AUTOGRAPH;Luxury SUV
Ford;Flex SEL;SUV
Lincoln;Continental Reserve;Luxury Sedan
Subaru;Impreza WRX Base;Luxury SUV
Kia;Optima S;Compact/Midsize
Mercedes-Benz;M-Class ML 350;Luxury Sedan
Ford;Explorer ST;SUV
Lincoln;Navigator L Select;Luxury SUV
Jeep;Wrangler Sahara Altitude;Luxury SUV
Porsche;Cayenne AWD;Luxury SUV
Cadillac;ATS 2.5L Luxury;Luxury Sedan
Kia;Stinger GT;Compact/Midsize
Volvo;S60 R;Luxury Sedan
Mercedes-Benz;E-Class E 300;Luxury Sedan
Cadillac;SRX Performance Collection;Luxury SUV
Subaru;Impreza WRX;Luxury SUV
Ford;Edge Titanium;Truck
Mercedes-Benz;AMG GLE 43 4MATIC Coupe;Luxury SUV
BMW;M2 CS;Sports Car
Dodge;Charger SE;Sports Car
Lincoln;MKX Black Label;Luxury SUV
Dodge;Challenger GT;Sports Car
Dodge;Charger SRT Hellcat;Sports Car
Cadillac;DTS Luxury;Luxury Sedan
Mercedes-Benz;S-Class S 550;Luxury Sedan
Mercedes-Benz;SLK-Class SLK 250;Luxury Sedan
GMC;Sierra 2500 Denali;Truck
Mercedes-Benz;GLC 300 Base;Luxury SUV
Tesla;Model S 75D;Electric
BMW;X3 sDrive30i;Luxury SUV
Aston;Martin Vantage GT Base;Sports Car
Ford;Transit-250 Base;Van
Chevrolet;Trax LS;Luxury Sedan
Volkswagen;Golf Auto TSI S;Compact/Midsize
Nissan;Pathfinder Silver;SUV
Land;Rover Range Rover Velar P380 SE R-Dynamic;Luxury SUV
Bentley;Bentayga Activity Edition;Luxury SUV
Porsche;Cayenne Turbo GT;Luxury SUV
Jeep;Wrangler Unlimited Rubicon 392;Luxury SUV
Toyota;Avalon Hybrid XLE Premium;Hybrid
Kia;Sorento Plug-In Hybrid SX Prestige;SUV
Nissan;Armada SV;SUV
Porsche;Cayenne Turbo S;Luxury SUV
Subaru;Outback Touring XT;Compact/Midsize
Acura;RLX Advance Package;Luxury SUV
Audi;SQ8 4.0T Premium Plus;Luxury SUV
Ford;Mustang EcoBoost;Sports Car
Tesla;Model X 100D;Electric
Jeep;Cherokee X;SUV
BMW;ALPINA B7 xDrive;Luxury Sedan
Volvo;XC90 3.2 Premier Plus;Luxury SUV
INFINITI;Q50 3.0T Premium;Luxury SUV
Jeep;Grand Wagoneer Base;SUV
Chevrolet;Silverado 1500 Z71 Extended Cab;Truck
Honda;Accord Hybrid Touring;Hybrid
Chevrolet;Colorado ZR2;Truck
Tesla;Model X Plaid;Electric
Subaru;Outback Limited XT;Compact/Midsize
Subaru;Forester 2.5i Limited;SUV
Porsche;911 Carrera C4S;Sports Car
Toyota;Camry XSE;Compact/Midsize
Ford;F-250 XL SuperCab H/D;Truck
Mercedes-Benz;E-Class E55 AMG;Luxury Sedan
Volvo;S60 Recharge Plug-In Hybrid T8 Inscription;Luxury Sedan
BMW;540 i;Luxury Sedan
Chevrolet;Silverado 2500 LTZ;Truck
Honda;Accord Crosstour EX-L;Compact/Midsize
Ford;F-250 XLT Super Duty;Truck
Mercedes-Benz;CLS 450 Base;Luxury Sedan
GMC;Canyon Elevation Standard;Truck
Tesla;Model S Plaid;Electric
Audi;TT Roadster quattro;Luxury Sedan
Subaru;Impreza WRX Sti Special Edition;Luxury SUV
Cadillac;Escalade Platinum Edition;Luxury SUV
Chevrolet;Silverado 2500 LT H/D Extended Cab;Truck
Acura;TLX V6 Tech;Luxury SUV
Lexus;NX 350h Premium;Luxury SUV
BMW;M4 Competition;Sports Car
Dodge;Charger SRT8;Sports Car
Mazda;CX-30 Preferred;SUV
Hyundai;Veloster Value Edition;Compact/Midsize
Chevrolet;Silverado 1500 LT Extended Cab;Truck
Honda;Accord Hybrid Base;Hybrid
Toyota;Prius v Three;Hybrid
Chevrolet;Silverado 1500 Limited Custom;Truck
Dodge;Challenger SRT8 392;Sports Car
Chevrolet;Equinox 2LT;SUV
Nissan;350Z NISMO;Sports Car
Land;Rover Range Rover SWB;Luxury SUV
Porsche;Cayenne E-Hybrid S Platinum Edition;Luxury SUV
Nissan;Altima 2.5 S;Compact/Midsize
Toyota;Sienna XSE 25th Anniversary;Minivan
Audi;A4 2.0T Premium quattro;Luxury Sedan
Hyundai;Tucson SEL;SUV
Ford;Mustang Boss 302;Sports Car
Nissan;Maxima GLE;Luxury SUV
Volvo;S60 T5 Premier Plus;Luxury Sedan
Lamborghini;Aventador S Base;Sports Car
Kia;Sorento S;SUV
Lamborghini;Huracan EVO Coupe;Sports Car
Ford;Fusion Hybrid Titanium;Truck
Tesla;Model S 90D;Electric
Land;Rover Range Rover Westminster SWB;Luxury SUV
Ford;Ranger Lariat;Truck
Porsche;911 GT3 RS;Sports Car
Ford;Explorer Sport Trac XLT;SUV
GMC;Sierra 1500 SLE1 Extended Cab;Truck
Mercedes-Benz;C-Class C 300 Luxury;Luxury Sedan
Cadillac;SRX Standard;Luxury SUV
Mazda;CX-30 Base;SUV
Mercedes-Benz;AMG G AMG G 63 4MATIC;Luxury SUV
Chevrolet;Silverado 1500 LS;Truck
Subaru;Impreza Outback Sport Wagon;Compact/Midsize
Pontiac;Solstice Base;Luxury Sedan
Mazda;Mazda6 Carbon Edition;Compact/Midsize
Ford;F-150 Tremor;Truck
Ford;F-150 Lariat SuperCrew;Truck
Dodge;Ram 2500 Quad Cab;Truck
Mercedes-Benz;C-Class C 250 Luxury;Luxury Sedan
Ford;F-250 XL Crew Cab Super Duty;Truck
Audi;Q4 e-tron 50 Premium Plus;Electric
Volkswagen;Jetta 1.4T R-Line;Luxury Sedan
Porsche;Taycan 4S;Electric
Mazda;RX-8 Sport;Luxury SUV
Ford;Ranger Edge SuperCab;SUV
Volkswagen;Golf GTI 2.0T SE w/Performance Package 4-Door;Compact/Midsize
BMW;X5 sDrive35i;Luxury SUV
Ford;Bronco Heritage Edition Advanced;SUV
Mercedes-Benz;GLE 350 GLE 350;Luxury SUV
Toyota;4Runner Limited Nightshade;SUV
Volkswagen;Golf SportWagen TSI S 4-Door;Compact/Midsize
Toyota;Prius Plug-in Base;Hybrid
Lincoln;LS V8;Luxury Sedan
Ford;F-150 Lightning LARIAT;Truck
Mercedes-Benz;C-Class C55 AMG Sport;Luxury Sedan
Audi;S6 4.0T Prestige;Luxury Sedan
Porsche;911 Carrera 4S Cabriolet;Sports Car
Kia;Forte LXS;Compact/Midsize
Hyundai;Santa Fe Sport 2.0L Turbo;SUV
Kia;Sorento SX Prestige;SUV
Toyota;Matrix XR;Luxury SUV
Kia;Optima SX Turbo;Compact/Midsize
Audi;Q8 3.0T Premium;Luxury SUV
Ford;Escape SEL;SUV
Hyundai;Elantra HEV Limited;Compact/Midsize
GMC;Canyon Denali;Truck
Chevrolet;Tahoe LS;SUV
Ford;Escape PHEV SE;SUV
Lamborghini;Huracan LP610-4;Sports Car
Volkswagen;Golf Alltrack TSI SE;Compact/Midsize
Toyota;RAV4 SE;SUV
Toyota;4Runner TRD Sport;SUV
BMW;X5 xDrive 35i Sport Activity;Luxury SUV
Dodge;Charger Base;Sports Car
Toyota;4Runner Venture;SUV
Audi;Q5 40 Premium;Luxury SUV
Mercedes-Benz;SLK-Class SLK320;Luxury Sedan
Mazda;Mazda6 Signature;Compact/Midsize
Toyota;4Runner Sport;SUV
Mercedes-Benz;GLA-Class GLA 45 AMG;Luxury Sedan
Volkswagen;Beetle 2.0T Final Edition SE;Compact/Midsize
Chevrolet;Blazer 1LT;SUV
Dodge;Ram 3500 Quad Cab DRW;Truck
Cadillac;Escalade Base;Luxury SUV
BMW;M240 i xDrive;Luxury Sedan
Toyota;Prius Two;Hybrid
Toyota;Tundra Grade;Truck
Suzuki;SX4 Base;Luxury SUV
BMW;X3 xDrive28i;Luxury SUV
Aston;Martin DB7 Vantage Volante;Sports Car
Porsche;Taycan;Electric
FIAT;124 Spider Abarth;Sports Car
BMW;128 i;Luxury Sedan
RAM;1500 Big Horn;Truck
Chevrolet;1500 Cheyenne;Truck
Chevrolet;1500 Cheyenne Extended Cab;Truck
RAM;1500 Laramie;Truck
RAM;1500 Limited;Truck
RAM;1500 Longhorn;Truck
RAM;1500 Rebel;Truck
RAM;1500 SLT;Truck
RAM;1500 Sport;Truck
RAM;1500 Tradesman/Express;Truck
Polestar;2 Launch Edition;Luxury SUV
Chrysler;200 C;Luxury Sedan
Chrysler;200 Limited;Luxury Sedan
BMW;228 Gran Coupe i xDrive;Luxury Sedan
BMW;228 i;Luxury Sedan
BMW;230 i;Luxury Sedan
RAM;2500 Big Horn;Truck
RAM;2500 Laramie;Truck
RAM;2500 Longhorn;Truck
RAM;2500 Powerwagon;Truck
RAM;2500 SLT;Truck
RAM;2500 Tradesman;Truck
Chrysler;300 Base;Luxury Sedan
Chrysler;300 S;Luxury Sedan
Chrysler;300 Touring;Luxury Sedan
Chrysler;300C Base;Luxury Sedan
Chrysler;300C SRT8;Luxury Sedan
Chrysler;300M Base;Luxury Sedan
Nissan;300ZX Base;Sports Car
BMW;320 i xDrive;Luxury Sedan
BMW;323 Ci;Luxury Sedan
BMW;325 Ci;Luxury Sedan
BMW;325 i;Luxury Sedan
BMW;325 xi;Luxury Sedan
BMW;335 i;Luxury Sedan
BMW;335 i xDrive;Luxury Sedan
BMW;335 is;Luxury Sedan
RAM;3500 Laramie;Truck
RAM;3500 SLT;Truck
RAM;3500 Tradesman;Truck
BMW;428 Gran Coupe i xDrive;Luxury Sedan
BMW;428 i;Luxury Sedan
BMW;428 i xDrive;Luxury Sedan
BMW;428 i xDrive SULEV;Luxury Sedan
Ferrari;488 GTB Base;Sports Car
Ferrari;488 Spider Base;Sports Car
FIAT;500 Lounge;Compact/Midsize
FIAT;500 Sport;Compact/Midsize
FIAT;500X Trekking Plus;Compact/Midsize
BMW;528 i;Luxury Sedan
BMW;528 i xDrive;Luxury Sedan
BMW;530 i;Luxury Sedan
BMW;530 i xDrive;Luxury Sedan
BMW;530e Base;Luxury Sedan
BMW;535 i;Luxury Sedan
BMW;535 i xDrive;Luxury Sedan
BMW;640 Gran Coupe i;Sports Car
BMW;640 Gran Coupe i xDrive;Sports Car
BMW;640 i;Sports Car
Porsche;718 Spyder Base;Sports Car
McLaren;720S Performance;Sports Car
Ferrari;812 Superfast Base;Sports Car
BMW;840 Gran Coupe i xDrive;Sports Car
BMW;840 i xDrive;Sports Car
Volvo;850 Turbo;Compact/Midsize
Toyota;86 860 Special Edition;Sports Car
Toyota;86 Base;Sports Car
Saab;9-3 Aero;Compact/Midsize
Saab;9-3 SE;Compact/Midsize
Audi;A3 2.0 TDI Premium Plus;Luxury Sedan
Audi;A3 2.0T;Luxury Sedan
Audi;A3 2.0T Premium;Luxury Sedan
Audi;A3 2.0T Tech Premium;Luxury Sedan
Audi;A5 2.0T Premium;Luxury Sedan
Audi;A5 2.0T Premium Plus;Luxury Sedan
Audi;A5 2.0T Prestige;Luxury Sedan
Audi;A5 45 S line Premium Plus;Luxury Sedan
Audi;A5 Sportback S line Premium Plus;Luxury Sedan
Audi;A6 2.0T Premium Plus;Luxury Sedan
Audi;A6 2.0T Sport;Luxury Sedan
Audi;A6 3.0 TDI Premium Plus;Luxury Sedan
Audi;A6 3.0T Premium Plus;Luxury Sedan
Audi;A6 3.0T Prestige;Luxury Sedan
Audi;A6 45 Premium Plus;Luxury Sedan
Audi;A6 55 Premium;Luxury Sedan
Audi;A6 55 Premium Plus;Luxury Sedan
Audi;A6 55 Prestige;Luxury Sedan
Audi;A7 3.0T Premium;Luxury Sedan
Audi;A7 3.0T Premium Plus;Luxury Sedan
Audi;A7 3.0T Prestige;Luxury Sedan
Audi;A7 55 Premium;Luxury Sedan
Audi;A7 55 Premium Plus;Luxury Sedan
Audi;A7 Premium;Luxury Sedan
Audi;A7 Premium Plus;Luxury Sedan
GMC;Acadia Denali;Luxury SUV
GMC;Acadia SLE;Luxury SUV
GMC;Acadia SLE-1;Luxury SUV
GMC;Acadia SLE-2;Luxury SUV
GMC;Acadia SLT-1;Luxury SUV
GMC;Acadia SLT-2;Luxury SUV
Hyundai;Accent GL;Compact/Midsize
Hyundai;Accent SEL;Compact/Midsize
Audi;allroad 2.0T Prestige;Luxury Sedan
Audi;allroad 2.7T;Luxury Sedan
Bentley;Arnage R;Luxury Sedan
Subaru;Ascent Limited 7-Passenger;SUV
Subaru;Ascent Touring 7-Passenger;SUV
Volkswagen;Atlas 3.6L SE w/Technology;SUV
Volkswagen;Atlas 3.6L SEL Premium;SUV
Volkswagen;Atlas 3.6L SEL Premium R-Line;SUV
Volkswagen;Atlas Cross Sport 3.6L V6 SEL Premium;SUV
Chevrolet;Avalanche 1500 LT;Truck
Chevrolet;Avalanche 1500 LTZ;Truck
Chevrolet;Avalanche LTZ;Truck
Toyota;Avalon Limited;Luxury Sedan
Toyota;Avalon Touring;Luxury Sedan
Toyota;Avalon XLE;Luxury Sedan
Dodge;Avenger SE;Compact/Midsize
Subaru;Baja Base;Truck
Volvo;C30 T5 Premier Plus;Compact/Midsize
Volvo;C40 Recharge Pure Electric Twin Ultimate;Compact/Midsize
Volvo;C70 T5;Compact/Midsize
Dodge;Caliber Express;Compact/Midsize
Mercury;Capri XR2;Sports Car
Porsche;Carrera GT Base;Sports Car
Buick;Cascada Base;Sports Car
Volkswagen;CC 2.0T Sport;Compact/Midsize
Volkswagen;CC Sport;Compact/Midsize
Toyota;Celica GT;Sports Car
Toyota;C-HR LE;Hybrid
MINI;Clubman Cooper S ALL4;Luxury Sedan
Ford;C-Max Energi SE;Hybrid
Jeep;Commander Base;SUV
Jeep;Commander Sport;SUV
MINI;Convertible Cooper;Luxury Sedan
MINI;Convertible John Cooper Works;Luxury Sedan
MINI;Cooper Base;Luxury Sedan
MINI;Cooper S Base;Luxury Sedan
MINI;Cooper S Clubman Base;Luxury Sedan
MINI;Countryman Cooper;Luxury Sedan
MINI;Countryman Cooper S;Luxury Sedan
MINI;Countryman Cooper S ALL4;Luxury Sedan
Maserati;Coupe Cambiocorsa;Sports Car
Chrysler;Crossfire Limited;Luxury Sedan
Honda;Crosstour EX-L;Compact/Midsize
Subaru;Crosstrek 2.0i Limited;SUV
Subaru;Crosstrek 2.0i Premium;SUV
Subaru;Crosstrek Premium;SUV
Chevrolet;Cruze LT;Compact/Midsize
Chevrolet;Cruze LT Automatic;Compact/Midsize
Chevrolet;Cruze LTZ;Compact/Midsize
Lexus;CT 200h Base;Hybrid
Lexus;CT 200h Premium;Hybrid
Cadillac;CT4 Luxury;Luxury Sedan
Nissan;Cube 1.8 S;Compact/Midsize
Dodge;Dakota Big Horn/Lone Star;Truck
Dodge;Dakota SLT;Truck
Dodge;Dakota SLT Quad Cab;Truck
Dodge;Dakota Sport;Truck
Dodge;Dart SE;Compact/Midsize
Cadillac;DeVille Base;Compact/Midsize
Dodge;Durango GT;SUV
Dodge;Durango R/T;SUV
Dodge;Durango SLT;SUV
Dodge;Durango SRT;SUV
Dodge;Durango SRT 392;SUV
Ford;E150 XLT;Van
Ford;E250 Cargo;Van
Ford;E350 Super Duty Base;Van
Ford;E350 Super Duty XLT;Van
Mitsubishi;Eclipse GS;Sports Car
Mitsubishi;Eclipse GT;Sports Car
Mitsubishi;Eclipse Spyder GS;Sports Car
Mitsubishi;Eclipse Spyder GT;Sports Car
Ford;EcoSport SES;SUV
Honda;Element EX;SUV
Lotus;Elise Base;Sports Car
Buick;Encore Preferred;Luxury SUV
Buick;Envision Essence;Luxury SUV
Buick;Envision Preferred;Luxury SUV
Volkswagen;Eos 2.0T;Luxury Sedan
Jaguar;E-PACE 300 Sport;Luxury SUV
Jaguar;E-PACE S;Luxury SUV
Hyundai;Equus Signature;Luxury Sedan
Lexus;ES 250 Base;Luxury Sedan
Volkswagen;Eurovan MV;Minivan
Lotus;Evora 2+2;Sports Car
Lotus;Evora 400 Base;Sports Car
Lotus;Evora Base;Sports Car
Ford;Excursion Limited;SUV
Ford;Excursion Limited 4WD;SUV
Ford;Excursion Limited Ultimate;SUV
Ford;Excursion XLT 4WD;SUV
Chevrolet;Express 1500 Base;Van
Chevrolet;Express 1500 Cargo;Van
Chevrolet;Express 1500 Work Van;Van
Chevrolet;Express 2500 Work Van;Van
Chevrolet;Express 3500 Base;Van
Chevrolet;Express 3500 LT;Van
Ford;F-350 King Ranch;Truck
Ford;F-350 Lariat;Truck
Ford;F-350 Lariat Crew Cab Super Duty DRW;Truck
Ford;F-350 Lariat Super Duty Crew Cab;Truck
Ford;F-350 Platinum;Truck
Ford;F-350 XL;Truck
Ford;F-350 XLT;Truck
Ferrari;FF Base;Sports Car
Ford;Fiesta ST;Truck
Pontiac;Firebird Base;Sports Car
Pontiac;Firebird Trans Am;Sports Car
Honda;Fit Sport;Compact/Midsize
Toyota;FJ Cruiser Base;Luxury SUV
smart;ForTwo Pure;Electric
Jaguar;F-PACE 25t Premium;Luxury SUV
Jaguar;F-PACE 30t R-Sport;Luxury SUV
Jaguar;F-PACE 35t Premium;Luxury SUV
Jaguar;F-PACE S;Luxury SUV
Jaguar;F-PACE SVR;Luxury SUV
Scion;FR-S Monogram;Sports Car
INFINITI;G35 Base;Luxury Sedan
INFINITI;G35 Sport;Luxury Sedan
INFINITI;G37 Journey;Luxury Sedan
INFINITI;G37 S Sport;Luxury Sedan
INFINITI;G37 Sport;Luxury Sedan
INFINITI;G37 x;Luxury Sedan
Pontiac;G6 GTP;Compact/Midsize
Pontiac;G8 GT;Compact/Midsize
Lamborghini;Gallardo Base;Sports Car
Lamborghini;Gallardo LP560-4;Sports Car
Lamborghini;Gallardo LP570-4 Superleggera;Sports Car
Lamborghini;Gallardo SE;Sports Car
Hyundai;Genesis 3.8;Luxury Sedan
Hyundai;Genesis 4.6;Luxury Sedan
Hyundai;Genesis 5;Luxury Sedan
Hyundai;Genesis Coupe 2.0T;Sports Car
Hyundai;Genesis Coupe 2.0T R-Spec;Sports Car
Hyundai;Genesis Coupe 3.8 Base;Sports Car
Hyundai;Genesis Coupe 3.8 Grand Touring;Sports Car
Hyundai;Genesis Coupe 3.8 R-Spec;Sports Car
Hyundai;Genesis Coupe 3.8 Track;Sports Car
Mercedes-Benz;GLB 250 Base 4MATIC;Luxury SUV
Dodge;Grand Caravan R/T;SUV
Dodge;Grand Caravan SE;SUV
Maserati;GranTurismo Base;Sports Car
Maserati;GranTurismo MC;Sports Car
Maserati;GranTurismo Sport;Sports Car
Maserati;Grecale Modena;Sports Car
Lexus;GS 350 Base;Luxury Sedan
Lexus;GS 350 F Sport;Luxury Sedan
Ford;GT;Sports Car
Ferrari;GTC4Lusso T;Sports Car
Volkswagen;GTI Base;Compact/Midsize
Pontiac;GTO Base;Luxury Sedan
Genesis;GV80 2.5T;Luxury SUV
Hummer;H2 Base;Luxury SUV
Hummer;H2 SUT;Luxury SUV
Hummer;H3 Base;Luxury SUV
MINI;Hardtop Cooper;Luxury Sedan
MINI;Hardtop Cooper S;Luxury Sedan
Lexus;HS 250h Premium;Compact/Midsize
GMC;HUMMER EV Edition 1;Luxury SUV
BMW;i3 120Ah w/Range Extender;Electric
BMW;i3 94 Ah;Electric
BMW;i3 Base;Electric
BMW;i3 Base w/Range Extender;Electric
BMW;i8 Base;Sports Car
Chevrolet;Impala 1LT;Compact/Midsize
Chevrolet;Impala 2LZ;Compact/Midsize
Chevrolet;Impala Base;Compact/Midsize
Lexus;IS 300 Base;Compact/Midsize
Lexus;IS-F Base;Compact/Midsize
Nissan;Juke NISMO RS;Compact/Midsize
Nissan;Juke SL;Compact/Midsize
Nissan;Juke SV;Compact/Midsize
Kia;K900 5.0L;Luxury Sedan
Nissan;Kicks S;SUV
Buick;LaCrosse Base;Compact/Midsize
Buick;LaCrosse CX;Compact/Midsize
Buick;LaCrosse Leather;Compact/Midsize
Mitsubishi;Lancer DE;Compact/Midsize
Mitsubishi;Lancer Evolution Base;Compact/Midsize
Mitsubishi;Lancer Evolution GSR;Compact/Midsize
Mitsubishi;Lancer Evolution MR;Compact/Midsize
Mitsubishi;Lancer GTS;Compact/Midsize
Mitsubishi;Lancer Sportback ES;Compact/Midsize
Maserati;Levante GTS;Sports Car
Maserati;Levante Modena;Sports Car
Maserati;Levante S;Sports Car
Jeep;Liberty Limited;SUV
Jeep;Liberty Renegade;SUV
Jeep;Liberty Sport;SUV
Buick;Lucerne CXL;Compact/Midsize
Cadillac;LYRIQ Luxury;Luxury SUV
Dodge;Magnum Base;Luxury Sedan
Dodge;Magnum R/T;Luxury Sedan
Chevrolet;Malibu 1LT;Compact/Midsize
Chevrolet;Malibu Limited LT;Compact/Midsize
Chevrolet;Malibu LT;Compact/Midsize
Chevrolet;Malibu LTZ;Compact/Midsize
Chevrolet;Malibu Premier;Compact/Midsize
Mercury;Marauder Base;Compact/Midsize
Lincoln;Mark LT Base;Truck
Ford;Maverick Lariat;Truck
Ford;Maverick XL;Truck
Ford;Maverick XLT;Truck
Mazda;MazdaSpeed3 Grand Touring;Sports Car
Maserati;MC20 Base;Sports Car
Maserati;MC20 MC20;Sports Car
Mitsubishi;Mirage ES;Compact/Midsize
Toyota;Mirai Base;Hybrid
Toyota;Mirai Limited;Hybrid
Lincoln;MKS Base;Luxury Sedan
Lincoln;MKS EcoBoost;Luxury Sedan
Lincoln;MKT Base;Luxury Sedan
Lincoln;MKZ Base;Luxury Sedan
Lincoln;MKZ Reserve;Luxury Sedan
Lincoln;MKZ Reserve I;Luxury Sedan
Lincoln;MKZ Select;Luxury Sedan
Chevrolet;Monte Carlo SS;Sports Car
Chevrolet;Monte Carlo Supercharged SS;Sports Car
Mitsubishi;Montero Limited;SUV
Lincoln;Nautilus Reserve;Luxury SUV
Nissan;NV Passenger NV3500 HD SL V8;Minivan
Nissan;NV Passenger NV3500 HD SV V8;Minivan
Nissan;NV200 S;Minivan
Nissan;NV200 SV;Minivan
Mitsubishi;Outlander SEL;SUV
Mitsubishi;Outlander Sport 2.4 SE;SUV
Mitsubishi;Outlander Sport ES;SUV
Volkswagen;Passat 2.0T R-Line;Luxury Sedan
Volkswagen;Passat 2.0T SE;Luxury Sedan
Volkswagen;Passat 2.5 SE;Luxury Sedan
Jeep;Patriot Latitude;SUV
Nissan;Pickup Truck XE;Truck
Honda;Prelude Type SH;Compact/Midsize
Mazda;Protege DX;Compact/Midsize
Plymouth;Prowler Base;Sports Car
INFINITI;Q40 Base;Compact/Midsize
INFINITI;Q60 3.0T Premium;Sports Car
INFINITI;Q60 3.0t Red Sport 400;Sports Car
Nissan;Quest SL;Minivan
Rivian;R1T Launch Edition;Truck
Buick;Rainier CXL;SUV
Dodge;Ram Van 1500;Van
Lexus;RC F Base;Sports Car
Buick;Regal Turbo - Premium 1;Luxury Sedan
Jeep;Renegade Trailhawk;SUV
Karma;Revero Base;Sports Car
Honda;Ridgeline Black Edition;Truck
Honda;Ridgeline RTL-E;Truck
Kia;Rio S;Compact/Midsize
Acura;RL Technology;Compact/Midsize
Buick;Roadmaster Estate;Compact/Midsize
Alfa;Romeo Stelvio Base;Sports Car
Alfa;Romeo Stelvio Quadrifoglio;Sports Car
Alfa;Romeo Stelvio Ti;Sports Car
Alfa;Romeo Stelvio Ti Sport;Sports Car
Volkswagen;Routan SE;SUV
Audi;RS 3 2.5T;Luxury Sedan
Audi;RS 4 Base;Luxury Sedan
Acura;RSX Base;Compact/Midsize
Acura;RSX Type S;Compact/Midsize
Honda;S2000 Base;Sports Car
Honda;S2000 CR;Sports Car
Audi;S5 3.0 Premium Plus;Luxury Sedan
Audi;S5 3.0T Premium;Luxury Sedan
Audi;S5 3.0T Premium Plus;Luxury Sedan
Audi;S5 3.0T Prestige;Luxury Sedan
Audi;S5 4.2 Premium Plus;Luxury Sedan
Volvo;S90 T5 Momentum;Luxury Sedan
Hyundai;Santa Cruz 2.5T Limited;Truck
GMC;Savana 2500 Work Van;Van
Lexus;SC 300 Base;Compact/Midsize
Saturn;Sky Base;Sports Car
Saturn;Sky Red Line;Sports Car
Chevrolet;Sonic LT;Compact/Midsize
Chevrolet;SSR Base;Truck
Cadillac;STS V6;Compact/Midsize
Scion;tC Anniversary Edition;Luxury Sedan
Scion;tC Base;Luxury Sedan
Scion;tC Release Series 6.0;Luxury Sedan
Ford;Thunderbird Deluxe;Sports Car
Ford;Thunderbird Premium;Sports Car
Volkswagen;Tiguan 2.0T SE;SUV
Volkswagen;Tiguan 2.0T SEL Premium R-Line;SUV
Acura;TL 3.2;Compact/Midsize
Acura;TL 3.7;Compact/Midsize
Acura;TL Technology;Compact/Midsize
Acura;TL Type S;Compact/Midsize
Volkswagen;Touareg TDI Lux;SUV
Volkswagen;Touareg V6 Executive;SUV
Volkswagen;Touareg VR6 Lux;SUV
Chrysler;Town & Country Touring;Minivan
Chrysler;Town & Country Touring-L;Minivan
Lincoln;Town Car Base;Compact/Midsize
Lincoln;Town Car Signature;Compact/Midsize
Acura;TSX 2.4;Compact/Midsize
Acura;TSX Base;Compact/Midsize
Acura;TSX Technology;Compact/Midsize
Maybach;Type 57 Base;Luxury Sedan
Ford;Utility Police Interceptor Base;Luxury SUV
Volvo;V60 Cross Country T5;Luxury SUV
Volvo;V60 T6 R-Design Platinum;Luxury SUV
Toyota;Venza XLE;SUV
Buick;Verano Convenience;Compact/Midsize
Nissan;Versa 1.6 SL;Compact/Midsize
Nissan;Versa 1.8 S;Compact/Midsize
Dodge;Viper GTC;Sports Car
Dodge;Viper SRT-10;Sports Car
Rolls-Royce;Wraith Base;Luxury Sedan
Scion;xB Base;SUV
Volvo;XC40 T5 Momentum;Luxury SUV
Volvo;XC60 3.2;Luxury SUV
Volvo;XC60 T5 R-Design;Luxury SUV
Volvo;XC60 T6 Inscription;Luxury SUV
Volvo;XC70 3.2;Luxury SUV
Volvo;XC70 T6 Platinum;Luxury SUV
Jaguar;XE 20d Prestige;Luxury Sedan
Jaguar;XE 25t;Luxury Sedan
Jaguar;XE 35t Premium;Luxury Sedan
Jaguar;XF 25t Premium;Luxury Sedan
Jaguar;XF 25t Prestige;Luxury Sedan
Jaguar;XF 3.0 Portfolio;Luxury Sedan
Jaguar;XF 35t Prestige;Luxury Sedan
Jaguar;XF 35t R-Sport;Luxury Sedan
Jaguar;XF Luxury;Luxury Sedan
Jaguar;XF Premium;Luxury Sedan
Jaguar;XF S;Luxury Sedan
Jaguar;XF XFR-S;Luxury Sedan
Jaguar;XK Base;Luxury Sedan
Jaguar;XK R;Luxury Sedan
Jaguar;XK8 Base;Luxury Sedan
Jaguar;XKR Base;Luxury Sedan
Cadillac;XLR Base;Sports Car
Cadillac;XLR V;Sports Car
Cadillac;XT5 Base;Luxury SUV
Cadillac;XT5 Luxury;Luxury SUV
Cadillac;XT5 Premium Luxury;Luxury SUV
Cadillac;XT6 Premium Luxury AWD;Luxury SUV
Cadillac;XT6 Sport AWD;Luxury SUV
Nissan;Xterra Pro-4X;Luxury SUV
Nissan;Xterra S;Luxury SUV
Toyota;Yaris Base;Compact/Midsize
Toyota;Yaris L;Compact/Midsize
Nissan;Z Proto Spec;Sports Car
BMW;Z3 3.0i Roadster;Sports Car
;;
;;
;;
;;
;;
;;
;;
;;
;;
;;
;;
;;
;;
;;
;;
;;
;;
;;
;;
;;
;;
;;
;;
;;
;;
;;
;;
;;
;;
;;
;;
;;
;;
;;
;;
;;
;;
;;
;;
;;
;;
;;
;;
;;
;;
;;
;;
;;
;;
;;
;;
;;
;;
;;
;;
;;
;;
;;
;;
;;
;;
;;
;;
;;
;;
;;
;;
;;
;;
;;
;;
;;
;;
;;
;;
;;
;;
;;
;;
;;
;;
;;
;;
;;
;;
;;
;;
;;
;;
;;
;;
;;
;;
;;
;;
;;
;;
;;
;;
;;
;;
;;
;;
;;
;;
;;
;;
;;
;;
;;
;;
;;
;;
;;
;;
;;
;;
;;
;;
;;
;;
;;
;;
;;
;;
;;
;;
;;
;;
;;
;;
;;
;;
;;
;;
;;
;;
;;
;;
;;
;;
;;
;;
;;
;;
;;
;;
;;
;;
;;
;;
;;
;;
;;
;;
;;
;;
;;
;;
;;
;;
;;
;;
;;
;;
;;
;;
;;
;;
;;
;;
;;
;;
;;
;;
;;
;;
;;
;;
;;
;;
;;
;;
;;
;;
;;
;;
;;
;;
;;
;;
;;
;;
;;
;;
;;
;;
;;
;;
;;
;;
;;
;;
;;
;;
;;
;;
;;
;;
;;
;;
;;
;;
;;
;;
;;
;;
;;
;;
;;
;;
;;
;;
;;
;;
;;
;;
;;
;;
;;
;;
;;
;;
;;
;;
;;
;;
;;
;;
;;
;;
;;
;;
;;
;;
;;
;;
;;
;;
;;
;;
;;
;;
;;
;;
;;
;;
;;
;;
;;
;;
;;
;;
;;
;;
;;
;;
;;
;;
;;
;;
;;
;;
;;
;;
;;
;;
;;
;;
;;
;;
;;
;;
;;
;;
;;
;;
;;
;;
;;
;;
;;
;;
;;
;;
;;
;;
;;
;;
;;
;;
;;
;;
;;
;;
;;
;;
;;
;;
;;
;;
;;
;;
;;
;;
;;
;;
;;
;;
;;
;;
;;
;;
;;
;;
;;
;;
;;
;;
;;
;;
;;
;;
;;
;;
;;
;;
;;
;;
;;
;;
;;
;;
;;
;;
;;
;;
;;
;;
;;
;;
;;
;;
;;
;;
;;
;;
;;
;;
;;
;;
;;
;;
;;
;;
;;
;;
;;
;;
;;
;;
;;
;;
;;
;;
;;
;;
;;
;;
;;
;;
;;
;;
;;
;;
;;
;;
;;
;;
;;
;;
;;
;;
;;
;;
;;
;;
;;
;;
;;
;;
;;
;;
;;
;;
;;
;;
;;
;;
;;
;;
;;
;;
;;
;;
;;
;;
;;
;;
;;
;;
;;
;;
;;
;;
;;
;;
;;
;;
;;
;;
;;
;;
;;
;;
;;
;;
;;
;;
;;
;;
;;
;;
;;
;;
;;
;;
;;
;;
;;
;;
;;
;;
;;
;;
;;
;;
;;
;;
;;
;;
;;
;;
;;
;;
;;
;;
;;
;;
;;
;;
;;
;;
;;
;;
;;
;;
;;
;;
;;
;;
;;
;;
;;
;;
;;
;;
;;
;;
;;
;;
;;
;;
;;
;;
;;
;;
;;
;;
;;
;;
;;
;;
;;
;;
;;
;;
;;
;;
;;
;;
;;
;;
;;
;;
;;
;;
;;
;;
;;
;;
;;
;;
;;
;;
;;
;;
;;
;;
;;
;;
;;
;;
;;
;;
;;
;;
;;
;;
;;
;;
;;
;;
;;
;;
;;
;;
;;
;;
;;
;;
;;
;;
;;
;;
;;
;;
;;
;;
;;
;;
;;
;;
;;
;;
;;
;;
;;
;;
;;
;;
;;
;;
;;
;;
;;
;;
;;
;;
;;
;;
;;
;;
;;
;;
;;
;;
;;
;;
;;
;;
;;
;;
;;
;;
;;
;;
;;
;;
;;
;;
;;
;;
;;
;;
;;
;;
;;
;;
;;
;;
;;
;;
;;
;;
;;
;;
;;
;;
;;
;;
;;
;;
;;
;;
;;
;;
;;
;;
;;
;;
;;
;;
;;
;;
;;
;;
;;
;;
;;
;;
;;
;;
;;
;;
;;
;;
;;
;;
;;
;;
;;
;;
;;
;;
;;
;;
;;
;;
;;
;;
;;
;;
;;
;;
;;
;;
;;
;;
;;
;;
;;
;;
;;
;;
;;
;;
;;
;;
;;
;;
;;
;;
;;
;;
;;
;;
;;
;;
;;
;;
;;
;;
;;
;;
;;
;;
;;
;;
;;
;;
;;
;;
;;
;;
;;
;;
;;
;;
;;
;;
;;
;;
;;
;;
;;
;;
;;
;;
;;
;;
;;
;;
;;
;;
;;
;;
;;
;;
;;
;;
;;
;;
;;
;;
;;
;;
;;
;;
;;
;;
;;
;;
;;
;;
;;
;;
;;
;;
;;
;;
;;
;;
;;
;;
;;
;;
;;
;;
;;
;;
;;
;;
;;
;;
;;
;;
;;
;;
;;
;;
;;
;;
;;
;;
;;
;;
;;
;;
;;
;;
;;
;;
;;
;;
;;
;;
;;
;;
;;
;;
;;
;;
;;
;;
;;
;;
;;
;;
;;
;;
;;
;;
;;
;;
;;
;;
;;
;;
;;
;;
;;
;;
;;
;;
;;
;;
;;
;;
;;
;;
;;
;;
;;
;;
;;
;;
;;
;;
;;
;;
;;
;;
;;
;;
;;
;;
;;
;;
;;
;;
;;
;;
;;
;;
;;
;;
;;
;;
;;
;;
;;
;;
;;
;;
;;
;;
;;
;;
;;
;;
;;
;;
;;
;;
;;
;;
;;
;;
;;
;;
;;
;;
;;
;;
;;
;;
;;
;;
;;
;;
;;
;;
;;
;;
;;
;;
;;
;;
;;
;;
;;
;;
;;
;;
;;
;;
;;
;;
;;
;;
;;
;;
;;
;;
;;
;;
;;
;;
;;
;;
;;
;;
;;
;;
;;
;;
;;
;;
;;
;;
;;
;;
;;
;;
;;
;;
;;
;;
;;
;;
;;
;;
;;
;;
;;
;;
;;
;;
;;
;;
;;
;;
;;
;;
;;
;;
;;
;;
;;
;;
;;
;;
;;
;;
;;
;;
;;
;;
;;
;;
;;
;;
;;
;;
;;
;;
;;
;;
;;
;;
;;
;;
;;
;;
;;
;;
;;
;;
;;
;;
;;
;;
;;
;;
;;
;;
;;
;;
;;
;;
;;
;;
;;
;;
;;
;;
;;
;;
;;
;;
;;
;;
;;
;;
;;
;;
;;
;;
;;
;;
;;
;;
;;
;;
;;
;;
;;
;;
;;
;;
;;
;;
;;
;;
;;
;;
;;
;;
;;
;;
;;
;;
;;
;;
;;
;;
;;
;;
;;
;;
;;
;;
;;
;;
;;
;;
;;
;;
;;
;;
;;
;;
;;
;;
;;
;;
;;
;;
;;
;;
;;
;;
;;
;;
;;
;;
;;
;;
;;
;;
;;
;;
;;
;;
;;
;;
;;
;;
;;
;;
;;
;;
;;
;;
;;
;;
;;
;;
;;
;;
;;
;;
;;
;;
;;
;;
;;
;;
;;
;;
;;
;;
;;
;;
;;
;;
;;
;;
;;
;;
;;
;;
;;
;;
;;
;;
;;
;;
;;
;;
;;
;;
;;
;;
;;
;;
;;
;;
;;
;;
;;
;;
;;
;;
;;
;;
;;
;;
;;
;;
;;
;;
;;
;;
;;
;;
;;
;;
;;
;;
;;
;;
;;
;;
;;
;;
;;
;;
;;
;;
;;
;;
;;
;;
;;
;;
;;
;;
;;
;;
;;
;;
;;
;;
;;
;;
;;
;;
;;
;;
;;
;;
;;
;;
;;
;;
;;
;;
;;
;;
;;
;;
;;
;;
;;
;;
;;
;;
;;
;;
;;
;;
;;
;;
;;
;;
;;
;;
;;
;;
;;
;;
;;
;;
;;
;;
;;
;;
;;
;;
;;
;;
;;
;;
;;
;;
;;
;;
;;
;;
;;
;;
;;
;;
;;
;;
;;
;;
;;
;;
;;
;;
;;
;;
;;
;;
;;
;;
;;
;;
;;
;;
;;
;;
;;
;;
;;
;;
;;
;;
;;
;;
;;
;;
;;
;;
;;
;;
;;
;;
;;
;;
;;
;;
;;
;;
;;
;;
;;
;;
;;
;;
;;
;;
;;
;;
;;
;;
;;
;;
;;
;;
;;
;;
;;
;;
;;
;;
;;
;;
;;
;;
;;
;;
;;
;;
;;
;;
;;
;;
;;
;;
;;
;;
;;
;;
;;
;;
;;
;;
;;
;;
;;
;;
;;
;;
;;
;;
;;
;;
;;
;;
;;
;;
;;
